id,transaction_id,item_id,stock,price
1,1,1,117,35.1
2,1,3,92,138.0
3,1,4,56,22.400000000000002
4,1,5,45,22.5
5,1,31,268,13.4
6,1,28,274,5.48
7,1,6,21,4.2
8,1,2,117,29.25
9,1,7,49,19.6
10,1,8,18,13.5
11,1,10,47,35.25
12,1,9,15,12.75
13,1,11,6,0.6000000000000001
14,1,34,6,1.08
15,1,12,11,13.2
16,1,13,12,0.6000000000000001
17,1,29,27,2.7
18,1,30,44,2.2
19,1,14,15,1.2
20,1,15,56,14.0
21,1,16,18,14.4
22,1,17,42,46.2
23,1,19,36,9.0
24,1,20,36,27.0
25,1,21,17,1.7000000000000002
26,1,22,17,0.8500000000000001
27,1,23,68,51.0
28,1,32,18,3.6
29,1,24,17,4.25
30,1,33,17,3.91
31,1,25,17,25.5
32,1,27,17,3.4000000000000004
33,1,26,17,3.4000000000000004
34,2,1,1015,304.5
35,2,3,855,1282.5
36,2,4,499,199.60000000000002
37,2,5,407,203.5
38,2,31,2213,110.65
39,2,28,2336,46.72
40,2,6,140,28.0
41,2,2,1158,289.5
42,2,7,389,155.60000000000002
43,2,8,147,110.25
44,2,10,384,288.0
45,2,9,120,102.0
46,2,11,123,12.3
47,2,34,123,22.14
48,2,12,148,177.6
49,2,13,127,6.3500000000000005
50,2,29,256,25.6
51,2,30,388,19.400000000000002
52,2,14,129,10.32
53,2,15,540,135.0
54,2,16,105,84.0
55,2,17,254,279.40000000000003
56,2,19,268,67.0
57,2,20,268,201.0
58,2,21,133,13.3
59,2,22,133,6.65
60,2,23,550,412.5
61,2,32,136,27.200000000000003
62,2,24,132,33.0
63,2,33,132,30.360000000000003
64,2,25,141,211.5
65,2,27,141,28.200000000000003
66,2,26,141,28.200000000000003
67,3,1,933,279.9
68,3,3,816,1224.0
69,3,4,470,188.0
70,3,5,353,176.5
71,3,31,1915,95.75
72,3,28,2022,40.44
73,3,6,120,24.0
74,3,2,998,249.5
75,3,7,344,137.6
76,3,8,121,90.75
77,3,10,312,234.0
78,3,9,118,100.3
79,3,11,107,10.700000000000001
80,3,34,107,19.259999999999998
81,3,12,115,138.0
82,3,13,112,5.6000000000000005
83,3,29,213,21.3
84,3,30,325,16.25
85,3,14,101,8.08
86,3,15,474,118.5
87,3,16,94,75.2
88,3,17,208,228.8
89,3,19,212,53.0
90,3,20,212,159.0
91,3,21,94,9.4
92,3,22,94,4.7
93,3,23,477,357.75
94,3,32,122,24.400000000000002
95,3,24,112,28.0
96,3,33,112,25.76
97,3,25,112,168.0
98,3,27,112,22.400000000000002
99,3,26,112,22.400000000000002
100,4,1,956,286.8
101,4,3,874,1311.0
102,4,4,510,204.0
103,4,5,338,169.0
104,4,31,2104,105.2
105,4,28,2239,44.78
106,4,6,121,24.200000000000003
107,4,2,1106,276.5
108,4,7,349,139.6
109,4,8,103,77.25
110,4,10,376,282.0
111,4,9,115,97.75
112,4,11,135,13.5
113,4,34,135,24.3
114,4,12,122,146.4
115,4,13,135,6.75
116,4,29,242,24.200000000000003
117,4,30,361,18.05
118,4,14,107,8.56
119,4,15,452,113.0
120,4,16,136,108.80000000000001
121,4,17,274,301.40000000000003
122,4,19,270,67.5
123,4,20,270,202.5
124,4,21,134,13.4
125,4,22,134,6.7
126,4,23,533,399.75
127,4,32,144,28.8
128,4,24,119,29.75
129,4,33,119,27.37
130,4,25,137,205.5
131,4,27,137,27.400000000000002
132,4,26,137,27.400000000000002
133,5,1,873,261.9
134,5,3,788,1182.0
135,5,4,434,173.60000000000002
136,5,5,340,170.0
137,5,31,1870,93.5
138,5,28,1986,39.72
139,5,6,112,22.400000000000002
140,5,2,1009,252.25
141,5,7,336,134.4
142,5,8,115,86.25
143,5,10,327,245.25
144,5,9,100,85.0
145,5,11,116,11.600000000000001
146,5,34,116,20.88
147,5,12,111,133.2
148,5,13,98,4.9
149,5,29,207,20.700000000000003
150,5,30,341,17.05
151,5,14,109,8.72
152,5,15,494,123.5
153,5,16,109,87.2
154,5,17,206,226.60000000000002
155,5,19,226,56.5
156,5,20,226,169.5
157,5,21,110,11.0
158,5,22,110,5.5
159,5,23,477,357.75
160,5,32,103,20.6
161,5,24,134,33.5
162,5,33,134,30.82
163,5,25,92,138.0
164,5,27,92,18.400000000000002
165,5,26,92,18.400000000000002
166,6,1,1024,307.2
167,6,3,892,1338.0
168,6,4,508,203.20000000000002
169,6,5,380,190.0
170,6,31,2146,107.30000000000001
171,6,28,2253,45.06
172,6,6,123,24.6
173,6,2,1102,275.5
174,6,7,368,147.20000000000002
175,6,8,136,102.0
176,6,10,375,281.25
177,6,9,135,114.75
178,6,11,107,10.700000000000001
179,6,34,107,19.259999999999998
180,6,12,124,148.79999999999998
181,6,13,138,6.9
182,6,29,262,26.200000000000003
183,6,30,370,18.5
184,6,14,124,9.92
185,6,15,500,125.0
186,6,16,131,104.80000000000001
187,6,17,230,253.00000000000003
188,6,19,256,64.0
189,6,20,256,192.0
190,6,21,142,14.200000000000001
191,6,22,142,7.1000000000000005
192,6,23,498,373.5
193,6,32,133,26.6
194,6,24,108,27.0
195,6,33,108,24.84
196,6,25,109,163.5
197,6,27,109,21.8
198,6,26,109,21.8
199,7,1,894,268.2
200,7,3,804,1206.0
201,7,4,453,181.20000000000002
202,7,5,340,170.0
203,7,31,1824,91.2
204,7,28,1935,38.7
205,7,6,100,20.0
206,7,2,971,242.75
207,7,7,340,136.0
208,7,8,100,75.0
209,7,10,314,235.5
210,7,9,101,85.85
211,7,11,111,11.100000000000001
212,7,34,111,19.98
213,7,12,107,128.4
214,7,13,91,4.55
215,7,29,186,18.6
216,7,30,294,14.700000000000001
217,7,14,95,7.6000000000000005
218,7,15,426,106.5
219,7,16,116,92.80000000000001
220,7,17,148,162.8
221,7,19,236,59.0
222,7,20,236,177.0
223,7,21,97,9.700000000000001
224,7,22,97,4.8500000000000005
225,7,23,429,321.75
226,7,32,107,21.400000000000002
227,7,24,108,27.0
228,7,33,108,24.84
229,7,25,105,157.5
230,7,27,105,21.0
231,7,26,105,21.0
232,8,1,965,289.5
233,8,3,860,1290.0
234,8,4,480,192.0
235,8,5,347,173.5
236,8,31,2075,103.75
237,8,28,2189,43.78
238,8,6,123,24.6
239,8,2,1070,267.5
240,8,7,374,149.6
241,8,8,116,87.0
242,8,10,356,267.0
243,8,9,118,100.3
244,8,11,114,11.4
245,8,34,114,20.52
246,8,12,116,139.2
247,8,13,113,5.65
248,8,29,239,23.900000000000002
249,8,30,361,18.05
250,8,14,126,10.08
251,8,15,516,129.0
252,8,16,138,110.4
253,8,17,242,266.20000000000005
254,8,19,240,60.0
255,8,20,240,180.0
256,8,21,120,12.0
257,8,22,120,6.0
258,8,23,480,360.0
259,8,32,117,23.400000000000002
260,8,24,122,30.5
261,8,33,122,28.060000000000002
262,8,25,114,171.0
263,8,27,114,22.8
264,8,26,114,22.8
265,9,1,813,243.89999999999998
266,9,3,690,1035.0
267,9,4,391,156.4
268,9,5,311,155.5
269,9,31,1840,92.0
270,9,28,1940,38.800000000000004
271,9,6,113,22.6
272,9,2,940,235.0
273,9,7,325,130.0
274,9,8,106,79.5
275,9,10,322,241.5
276,9,9,104,88.39999999999999
277,9,11,100,10.0
278,9,34,100,18.0
279,9,12,108,129.6
280,9,13,118,5.9
281,9,29,236,23.6
282,9,30,355,17.75
283,9,14,118,9.44
284,9,15,476,119.0
285,9,16,129,103.2
286,9,17,224,246.40000000000003
287,9,19,224,56.0
288,9,20,224,168.0
289,9,21,105,10.5
290,9,22,105,5.25
291,9,23,457,342.75
292,9,32,109,21.8
293,9,24,119,29.75
294,9,33,119,27.37
295,9,25,110,165.0
296,9,27,110,22.0
297,9,26,110,22.0
298,10,1,845,253.5
299,10,3,723,1084.5
300,10,4,402,160.8
301,10,5,326,163.0
302,10,31,1799,89.95
303,10,28,1921,38.42
304,10,6,106,21.200000000000003
305,10,2,1020,255.0
306,10,7,330,132.0
307,10,8,111,83.25
308,10,10,328,246.0
309,10,9,108,91.8
310,10,11,122,12.200000000000001
311,10,34,122,21.96
312,10,12,108,129.6
313,10,13,102,5.1000000000000005
314,10,29,213,21.3
315,10,30,326,16.3
316,10,14,111,8.88
317,10,15,442,110.5
318,10,16,115,92.0
319,10,17,210,231.00000000000003
320,10,19,202,50.5
321,10,20,202,151.5
322,10,21,105,10.5
323,10,22,105,5.25
324,10,23,460,345.0
325,10,32,117,23.400000000000002
326,10,24,113,28.25
327,10,33,113,25.990000000000002
328,10,25,93,139.5
329,10,27,93,18.6
330,10,26,93,18.6
331,11,1,914,274.2
332,11,3,773,1159.5
333,11,4,444,177.60000000000002
334,11,5,330,165.0
335,11,31,1889,94.45
336,11,28,2028,40.56
337,11,6,104,20.8
338,11,2,1081,270.25
339,11,7,348,139.20000000000002
340,11,8,114,85.5
341,11,10,350,262.5
342,11,9,112,95.2
343,11,11,139,13.9
344,11,34,139,25.02
345,11,12,95,114.0
346,11,13,104,5.2
347,11,29,220,22.0
348,11,30,297,14.850000000000001
349,11,14,116,9.28
350,11,15,380,95.0
351,11,16,121,96.80000000000001
352,11,17,266,292.6
353,11,19,236,59.0
354,11,20,236,177.0
355,11,21,90,9.0
356,11,22,90,4.5
357,11,23,350,262.5
358,11,32,94,18.8
359,11,24,77,19.25
360,11,33,77,17.71
361,11,25,124,186.0
362,11,27,124,24.8
363,11,26,124,24.8
364,12,1,832,249.6
365,12,3,740,1110.0
366,12,4,435,174.0
367,12,5,301,150.5
368,12,31,1711,85.55000000000001
369,12,28,1813,36.26
370,12,6,105,21.0
371,12,2,889,222.25
372,12,7,300,120.0
373,12,8,87,65.25
374,12,10,287,215.25
375,12,9,115,97.75
376,12,11,102,10.200000000000001
377,12,34,102,18.36
378,12,12,108,129.6
379,12,13,101,5.050000000000001
380,12,29,196,19.6
381,12,30,283,14.15
382,12,14,95,7.6000000000000005
383,12,15,358,89.5
384,12,16,86,68.8
385,12,17,204,224.4
386,12,19,216,54.0
387,12,20,216,162.0
388,12,21,81,8.1
389,12,22,81,4.05
390,12,23,359,269.25
391,12,32,90,18.0
392,12,24,87,21.75
393,12,33,87,20.01
394,12,25,110,165.0
395,12,27,110,22.0
396,12,26,110,22.0
397,13,1,887,266.09999999999997
398,13,3,790,1185.0
399,13,4,455,182.0
400,13,5,331,165.5
401,13,31,1913,95.65
402,13,28,2020,40.4
403,13,6,124,24.8
404,13,2,1001,250.25
405,13,7,320,128.0
406,13,8,115,86.25
407,13,10,328,246.0
408,13,9,121,102.85
409,13,11,107,10.700000000000001
410,13,34,107,19.259999999999998
411,13,12,111,133.2
412,13,13,127,6.3500000000000005
413,13,29,240,24.0
414,13,30,351,17.55
415,13,14,113,9.040000000000001
416,13,15,444,111.0
417,13,16,125,100.0
418,13,17,224,246.40000000000003
419,13,19,204,51.0
420,13,20,204,153.0
421,13,21,124,12.4
422,13,22,124,6.2
423,13,23,497,372.75
424,13,32,142,28.400000000000002
425,13,24,111,27.75
426,13,33,111,25.53
427,13,25,106,159.0
428,13,27,106,21.200000000000003
429,13,26,106,21.200000000000003
430,14,1,944,283.2
431,14,3,831,1246.5
432,14,4,481,192.4
433,14,5,356,178.0
434,14,31,1990,99.5
435,14,28,2102,42.04
436,14,6,126,25.200000000000003
437,14,2,1037,259.25
438,14,7,354,141.6
439,14,8,114,85.5
440,14,10,342,256.5
441,14,9,121,102.85
442,14,11,112,11.200000000000001
443,14,34,112,20.16
444,14,12,99,118.8
445,14,13,109,5.45
446,14,29,225,22.5
447,14,30,345,17.25
448,14,14,116,9.28
449,14,15,506,126.5
450,14,16,135,108.0
451,14,17,192,211.20000000000002
452,14,19,226,56.5
453,14,20,226,169.5
454,14,21,112,11.200000000000001
455,14,22,112,5.6000000000000005
456,14,23,465,348.75
457,14,32,111,22.200000000000003
458,14,24,120,30.0
459,14,33,120,27.6
460,14,25,112,168.0
461,14,27,112,22.400000000000002
462,14,26,112,22.400000000000002
463,15,1,954,286.2
464,15,3,853,1279.5
465,15,4,478,191.20000000000002
466,15,5,346,173.0
467,15,31,1913,95.65
468,15,28,2038,40.76
469,15,6,103,20.6
470,15,2,1052,263.0
471,15,7,364,145.6
472,15,8,93,69.75
473,15,10,341,255.75
474,15,9,122,103.7
475,15,11,125,12.5
476,15,34,125,22.5
477,15,12,93,111.6
478,15,13,96,4.800000000000001
479,15,29,198,19.8
480,15,30,328,16.400000000000002
481,15,14,102,8.16
482,15,15,468,117.0
483,15,16,121,96.80000000000001
484,15,17,230,253.00000000000003
485,15,19,196,49.0
486,15,20,196,147.0
487,15,21,98,9.8
488,15,22,98,4.9
489,15,23,423,317.25
490,15,32,92,18.400000000000002
491,15,24,130,32.5
492,15,33,130,29.900000000000002
493,15,25,97,145.5
494,15,27,97,19.400000000000002
495,15,26,97,19.400000000000002
496,16,1,1041,312.3
497,16,3,927,1390.5
498,16,4,529,211.60000000000002
499,16,5,394,197.0
500,16,31,2242,112.10000000000001
501,16,28,2368,47.36
502,16,6,123,24.6
503,16,2,1132,283.0
504,16,7,389,155.60000000000002
505,16,8,122,91.5
506,16,10,371,278.25
507,16,9,124,105.39999999999999
508,16,11,126,12.600000000000001
509,16,34,126,22.68
510,16,12,130,156.0
511,16,13,135,6.75
512,16,29,275,27.5
513,16,30,417,20.85
514,16,14,140,11.200000000000001
515,16,15,554,138.5
516,16,16,149,119.2
517,16,17,282,310.20000000000005
518,16,19,266,66.5
519,16,20,266,199.5
520,16,21,119,11.9
521,16,22,119,5.95
522,16,23,547,410.25
523,16,32,140,28.0
524,16,24,142,35.5
525,16,33,142,32.660000000000004
526,16,25,129,193.5
527,16,27,129,25.8
528,16,26,129,25.8
529,17,1,859,257.7
530,17,3,747,1120.5
531,17,4,420,168.0
532,17,5,328,164.0
533,17,31,1814,90.7
534,17,28,1918,38.36
535,17,6,104,20.8
536,17,2,978,244.5
537,17,7,320,128.0
538,17,8,113,84.75
539,17,10,327,245.25
540,17,9,110,93.5
541,17,11,104,10.4
542,17,34,104,18.72
543,17,12,102,122.39999999999999
544,17,13,122,6.1000000000000005
545,17,29,236,23.6
546,17,30,343,17.150000000000002
547,17,14,114,9.120000000000001
548,17,15,434,108.5
549,17,16,103,82.4
550,17,17,188,206.8
551,17,19,206,51.5
552,17,20,206,154.5
553,17,21,123,12.3
554,17,22,123,6.15
555,17,23,425,318.75
556,17,32,102,20.400000000000002
557,17,24,107,26.75
558,17,33,107,24.61
559,17,25,109,163.5
560,17,27,109,21.8
561,17,26,109,21.8
562,18,1,1028,308.4
563,18,3,891,1336.5
564,18,4,517,206.8
565,18,5,389,194.5
566,18,31,2089,104.45
567,18,28,2229,44.58
568,18,6,123,24.6
569,18,2,1161,290.25
570,18,7,370,148.0
571,18,8,135,101.25
572,18,10,369,276.75
573,18,9,129,109.64999999999999
574,18,11,140,14.0
575,18,34,140,25.2
576,18,12,139,166.79999999999998
577,18,13,118,5.9
578,18,29,258,25.8
579,18,30,371,18.55
580,18,14,140,11.200000000000001
581,18,15,428,107.0
582,18,16,123,98.4
583,18,17,258,283.8
584,18,19,242,60.5
585,18,20,242,181.5
586,18,21,107,10.700000000000001
587,18,22,107,5.3500000000000005
588,18,23,474,355.5
589,18,32,132,26.400000000000002
590,18,24,113,28.25
591,18,33,113,25.990000000000002
592,18,25,105,157.5
593,18,27,105,21.0
594,18,26,105,21.0
595,19,1,817,245.1
596,19,3,715,1072.5
597,19,4,416,166.4
598,19,5,307,153.5
599,19,31,1755,87.75
600,19,28,1851,37.02
601,19,6,111,22.200000000000003
602,19,2,901,225.25
603,19,7,300,120.0
604,19,8,89,66.75
605,19,10,299,224.25
606,19,9,123,104.55
607,19,11,96,9.600000000000001
608,19,34,96,17.28
609,19,12,97,116.39999999999999
610,19,13,95,4.75
611,19,29,192,19.200000000000003
612,19,30,298,14.9
613,19,14,97,7.76
614,19,15,452,113.0
615,19,16,91,72.8
616,19,17,188,206.8
617,19,19,218,54.5
618,19,20,218,163.5
619,19,21,101,10.100000000000001
620,19,22,101,5.050000000000001
621,19,23,436,327.0
622,19,32,103,20.6
623,19,24,106,26.5
624,19,33,106,24.380000000000003
625,19,25,109,163.5
626,19,27,109,21.8
627,19,26,109,21.8
628,20,1,875,262.5
629,20,3,784,1176.0
630,20,4,447,178.8
631,20,5,360,180.0
632,20,31,1805,90.25
633,20,28,1892,37.84
634,20,6,88,17.6
635,20,2,897,224.25
636,20,7,301,120.4
637,20,8,125,93.75
638,20,10,292,219.0
639,20,9,90,76.5
640,20,11,87,8.700000000000001
641,20,34,87,15.66
642,20,12,122,146.4
643,20,13,95,4.75
644,20,29,208,20.8
645,20,30,318,15.9
646,20,14,113,9.040000000000001
647,20,15,384,96.0
648,20,16,115,92.0
649,20,17,184,202.4
650,20,19,200,50.0
651,20,20,200,150.0
652,20,21,120,12.0
653,20,22,120,6.0
654,20,23,404,303.0
655,20,32,98,19.6
656,20,24,110,27.5
657,20,33,110,25.3
658,20,25,101,151.5
659,20,27,101,20.200000000000003
660,20,26,101,20.200000000000003
661,21,1,696,208.79999999999998
662,21,3,601,901.5
663,21,4,343,137.20000000000002
664,21,5,264,132.0
665,21,31,1550,77.5
666,21,28,1624,32.480000000000004
667,21,6,100,20.0
668,21,2,783,195.75
669,21,7,273,109.2
670,21,8,90,67.5
671,21,10,271,203.25
672,21,9,90,76.5
673,21,11,74,7.4
674,21,34,74,13.32
675,21,12,86,103.2
676,21,13,95,4.75
677,21,29,188,18.8
678,21,30,288,14.4
679,21,14,93,7.44
680,21,15,392,98.0
681,21,16,94,75.2
682,21,17,186,204.60000000000002
683,21,19,178,44.5
684,21,20,178,133.5
685,21,21,108,10.8
686,21,22,108,5.4
687,21,23,401,300.75
688,21,32,104,20.8
689,21,24,100,25.0
690,21,33,100,23.0
691,21,25,88,132.0
692,21,27,88,17.6
693,21,26,88,17.6
694,22,1,912,273.59999999999997
695,22,3,836,1254.0
696,22,4,472,188.8
697,22,5,350,175.0
698,22,31,1956,97.80000000000001
699,22,28,2063,41.26
700,22,6,134,26.8
701,22,2,1006,251.5
702,22,7,367,146.8
703,22,8,112,84.0
704,22,10,332,249.0
705,22,9,95,80.75
706,22,11,107,10.700000000000001
707,22,34,107,19.259999999999998
708,22,12,112,134.4
709,22,13,104,5.2
710,22,29,188,18.8
711,22,30,299,14.950000000000001
712,22,14,84,6.72
713,22,15,460,115.0
714,22,16,106,84.80000000000001
715,22,17,240,264.0
716,22,19,248,62.0
717,22,20,248,186.0
718,22,21,111,11.100000000000001
719,22,22,111,5.550000000000001
720,22,23,449,336.75
721,22,32,120,24.0
722,22,24,111,27.75
723,22,33,111,25.53
724,22,25,107,160.5
725,22,27,107,21.400000000000002
726,22,26,107,21.400000000000002
727,23,1,778,233.39999999999998
728,23,3,686,1029.0
729,23,4,389,155.60000000000002
730,23,5,299,149.5
731,23,31,1683,84.15
732,23,28,1787,35.74
733,23,6,102,20.400000000000002
734,23,2,896,224.0
735,23,7,312,124.80000000000001
736,23,8,96,72.0
737,23,10,302,226.5
738,23,9,83,70.55
739,23,11,104,10.4
740,23,34,104,18.72
741,23,12,108,129.6
742,23,13,80,4.0
743,23,29,173,17.3
744,23,30,269,13.450000000000001
745,23,14,93,7.44
746,23,15,420,105.0
747,23,16,94,75.2
748,23,17,182,200.20000000000002
749,23,19,216,54.0
750,23,20,216,162.0
751,23,21,93,9.3
752,23,22,93,4.65
753,23,23,411,308.25
754,23,32,101,20.200000000000003
755,23,24,96,24.0
756,23,33,96,22.080000000000002
757,23,25,99,148.5
758,23,27,99,19.8
759,23,26,99,19.8
760,24,1,1015,304.5
761,24,3,904,1356.0
762,24,4,513,205.20000000000002
763,24,5,380,190.0
764,24,31,2158,107.9
765,24,28,2309,46.18
766,24,6,133,26.6
767,24,2,1217,304.25
768,24,7,397,158.8
769,24,8,118,88.5
770,24,10,419,314.25
771,24,9,120,102.0
772,24,11,151,15.100000000000001
773,24,34,151,27.18
774,24,12,115,138.0
775,24,13,126,6.300000000000001
776,24,29,247,24.700000000000003
777,24,30,361,18.05
778,24,14,121,9.68
779,24,15,494,123.5
780,24,16,156,124.80000000000001
781,24,17,206,226.60000000000002
782,24,19,266,66.5
783,24,20,266,199.5
784,24,21,129,12.9
785,24,22,129,6.45
786,24,23,499,374.25
787,24,32,124,24.8
788,24,24,114,28.5
789,24,33,114,26.220000000000002
790,24,25,127,190.5
791,24,27,127,25.400000000000002
792,24,26,127,25.400000000000002
793,25,1,740,222.0
794,25,3,626,939.0
795,25,4,370,148.0
796,25,5,276,138.0
797,25,31,1616,80.80000000000001
798,25,28,1717,34.34
799,25,6,86,17.2
800,25,2,868,217.0
801,25,7,263,105.2
802,25,8,100,75.0
803,25,10,308,231.0
804,25,9,93,79.05
805,25,11,101,10.100000000000001
806,25,34,101,18.18
807,25,12,85,102.0
808,25,13,101,5.050000000000001
809,25,29,194,19.400000000000002
810,25,30,294,14.700000000000001
811,25,14,93,7.44
812,25,15,366,91.5
813,25,16,92,73.60000000000001
814,25,17,220,242.00000000000003
815,25,19,212,53.0
816,25,20,212,159.0
817,25,21,109,10.9
818,25,22,109,5.45
819,25,23,389,291.75
820,25,32,100,20.0
821,25,24,100,25.0
822,25,33,100,23.0
823,25,25,105,157.5
824,25,27,105,21.0
825,25,26,105,21.0
826,26,1,1023,306.9
827,26,3,927,1390.5
828,26,4,532,212.8
829,26,5,405,202.5
830,26,31,2178,108.9
831,26,28,2309,46.18
832,26,6,142,28.400000000000002
833,26,2,1145,286.25
834,26,7,405,162.0
835,26,8,115,86.25
836,26,10,379,284.25
837,26,9,113,96.05
838,26,11,131,13.100000000000001
839,26,34,131,23.58
840,26,12,149,178.79999999999998
841,26,13,124,6.2
842,26,29,259,25.900000000000002
843,26,30,378,18.900000000000002
844,26,14,135,10.8
845,26,15,450,112.5
846,26,16,134,107.2
847,26,17,214,235.4
848,26,19,266,66.5
849,26,20,266,199.5
850,26,21,119,11.9
851,26,22,119,5.95
852,26,23,499,374.25
853,26,32,136,27.200000000000003
854,26,24,119,29.75
855,26,33,119,27.37
856,26,25,146,219.0
857,26,27,146,29.200000000000003
858,26,26,146,29.200000000000003
859,27,1,888,266.4
860,27,3,777,1165.5
861,27,4,459,183.60000000000002
862,27,5,311,155.5
863,27,31,1876,93.80000000000001
864,27,28,1989,39.78
865,27,6,121,24.200000000000003
866,27,2,1007,251.75
867,27,7,329,131.6
868,27,8,94,70.5
869,27,10,357,267.75
870,27,9,127,107.95
871,27,11,113,11.3
872,27,34,113,20.34
873,27,12,126,151.2
874,27,13,102,5.1000000000000005
875,27,29,225,22.5
876,27,30,340,17.0
877,27,14,123,9.84
878,27,15,416,104.0
879,27,16,103,82.4
880,27,17,188,206.8
881,27,19,240,60.0
882,27,20,240,180.0
883,27,21,118,11.8
884,27,22,118,5.9
885,27,23,498,373.5
886,27,32,137,27.400000000000002
887,27,24,115,28.75
888,27,33,115,26.450000000000003
889,27,25,98,147.0
890,27,27,98,19.6
891,27,26,98,19.6
892,28,1,994,298.2
893,28,3,881,1321.5
894,28,4,479,191.60000000000002
895,28,5,345,172.5
896,28,31,2223,111.15
897,28,28,2351,47.02
898,28,6,125,25.0
899,28,2,1163,290.75
900,28,7,394,157.60000000000002
901,28,8,110,82.5
902,28,10,397,297.75
903,28,9,136,115.6
904,28,11,128,12.8
905,28,34,128,23.04
906,28,12,130,156.0
907,28,13,138,6.9
908,28,29,267,26.700000000000003
909,28,30,395,19.75
910,28,14,129,10.32
911,28,15,592,148.0
912,28,16,133,106.4
913,28,17,270,297.0
914,28,19,256,64.0
915,28,20,256,192.0
916,28,21,139,13.9
917,28,22,139,6.95
918,28,23,505,378.75
919,28,32,113,22.6
920,28,24,128,32.0
921,28,33,128,29.44
922,28,25,143,214.5
923,28,27,143,28.6
924,28,26,143,28.6
925,29,1,793,237.89999999999998
926,29,3,710,1065.0
927,29,4,424,169.60000000000002
928,29,5,290,145.0
929,29,31,1719,85.95
930,29,28,1827,36.54
931,29,6,108,21.6
932,29,2,912,228.0
933,29,7,273,109.2
934,29,8,99,74.25
935,29,10,302,226.5
936,29,9,105,89.25
937,29,11,108,10.8
938,29,34,108,19.439999999999998
939,29,12,99,118.8
940,29,13,112,5.6000000000000005
941,29,29,191,19.1
942,29,30,284,14.200000000000001
943,29,14,79,6.32
944,29,15,410,102.5
945,29,16,101,80.80000000000001
946,29,17,186,204.60000000000002
947,29,19,176,44.0
948,29,20,176,132.0
949,29,21,111,11.100000000000001
950,29,22,111,5.550000000000001
951,29,23,388,291.0
952,29,32,103,20.6
953,29,24,93,23.25
954,29,33,93,21.39
955,29,25,121,181.5
956,29,27,121,24.200000000000003
957,29,26,121,24.200000000000003
958,30,1,917,275.09999999999997
959,30,3,803,1204.5
960,30,4,463,185.20000000000002
961,30,5,331,165.5
962,30,31,1897,94.85000000000001
963,30,28,2033,40.660000000000004
964,30,6,107,21.400000000000002
965,30,2,1086,271.5
966,30,7,336,134.4
967,30,8,108,81.0
968,30,10,366,274.5
969,30,9,117,99.45
970,30,11,136,13.600000000000001
971,30,34,136,24.48
972,30,12,110,132.0
973,30,13,119,5.95
974,30,29,231,23.1
975,30,30,350,17.5
976,30,14,112,8.96
977,30,15,420,105.0
978,30,16,110,88.0
979,30,17,192,211.20000000000002
980,30,19,240,60.0
981,30,20,240,180.0
982,30,21,117,11.700000000000001
983,30,22,117,5.8500000000000005
984,30,23,454,340.5
985,30,32,120,24.0
986,30,24,119,29.75
987,30,33,119,27.37
988,30,25,110,165.0
989,30,27,110,22.0
990,30,26,110,22.0
991,31,1,813,243.89999999999998
992,31,3,690,1035.0
993,31,4,406,162.4
994,31,5,285,142.5
995,31,31,1733,86.65
996,31,28,1843,36.86
997,31,6,105,21.0
998,31,2,939,234.75
999,31,7,298,119.2
1000,31,8,97,72.75
1001,31,10,324,243.0
1002,31,9,117,99.45
1003,31,11,110,11.0
1004,31,34,110,19.8
1005,31,12,120,144.0
1006,31,13,101,5.050000000000001
1007,31,29,197,19.700000000000003
1008,31,30,289,14.450000000000001
1009,31,14,96,7.68
1010,31,15,392,98.0
1011,31,16,104,83.2
1012,31,17,218,239.8
1013,31,19,174,43.5
1014,31,20,174,130.5
1015,31,21,97,9.700000000000001
1016,31,22,97,4.8500000000000005
1017,31,23,387,290.25
1018,31,32,97,19.400000000000002
1019,31,24,92,23.0
1020,31,33,92,21.16
1021,31,25,102,153.0
1022,31,27,102,20.400000000000002
1023,31,26,102,20.400000000000002
1024,32,1,981,294.3
1025,32,3,874,1311.0
1026,32,4,482,192.8
1027,32,5,358,179.0
1028,32,31,2077,103.85000000000001
1029,32,28,2176,43.52
1030,32,6,121,24.200000000000003
1031,32,2,1049,262.25
1032,32,7,384,153.60000000000002
1033,32,8,105,78.75
1034,32,10,342,256.5
1035,32,9,131,111.35
1036,32,11,99,9.9
1037,32,34,99,17.82
1038,32,12,137,164.4
1039,32,13,114,5.7
1040,32,29,229,22.900000000000002
1041,32,30,344,17.2
1042,32,14,115,9.200000000000001
1043,32,15,418,104.5
1044,32,16,124,99.2
1045,32,17,242,266.20000000000005
1046,32,19,240,60.0
1047,32,20,240,180.0
1048,32,21,132,13.200000000000001
1049,32,22,132,6.6000000000000005
1050,32,23,464,348.0
1051,32,32,122,24.400000000000002
1052,32,24,115,28.75
1053,32,33,115,26.450000000000003
1054,32,25,132,198.0
1055,32,27,132,26.400000000000002
1056,32,26,132,26.400000000000002
1057,33,1,908,272.4
1058,33,3,783,1174.5
1059,33,4,451,180.4
1060,33,5,301,150.5
1061,33,31,1952,97.60000000000001
1062,33,28,2056,41.12
1063,33,6,107,21.400000000000002
1064,33,2,989,247.25
1065,33,7,368,147.20000000000002
1066,33,8,88,66.0
1067,33,10,363,272.25
1068,33,9,108,91.8
1069,33,11,104,10.4
1070,33,34,104,18.72
1071,33,12,126,151.2
1072,33,13,97,4.8500000000000005
1073,33,29,182,18.2
1074,33,30,314,15.700000000000001
1075,33,14,85,6.8
1076,33,15,426,106.5
1077,33,16,136,108.80000000000001
1078,33,17,220,242.00000000000003
1079,33,19,250,62.5
1080,33,20,250,187.5
1081,33,21,113,11.3
1082,33,22,113,5.65
1083,33,23,476,357.0
1084,33,32,115,23.0
1085,33,24,132,33.0
1086,33,33,132,30.360000000000003
1087,33,25,114,171.0
1088,33,27,114,22.8
1089,33,26,114,22.8
1090,34,1,1003,300.9
1091,34,3,854,1281.0
1092,34,4,481,192.4
1093,34,5,376,188.0
1094,34,31,2095,104.75
1095,34,28,2221,44.42
1096,34,6,110,22.0
1097,34,2,1133,283.25
1098,34,7,376,150.4
1099,34,8,137,102.75
1100,34,10,369,276.75
1101,34,9,119,101.14999999999999
1102,34,11,126,12.600000000000001
1103,34,34,126,22.68
1104,34,12,133,159.6
1105,34,13,109,5.45
1106,34,29,222,22.200000000000003
1107,34,30,355,17.75
1108,34,14,113,9.040000000000001
1109,34,15,478,119.5
1110,34,16,134,107.2
1111,34,17,214,235.4
1112,34,19,268,67.0
1113,34,20,268,201.0
1114,34,21,123,12.3
1115,34,22,123,6.15
1116,34,23,496,372.0
1117,34,32,124,24.8
1118,34,24,133,33.25
1119,34,33,133,30.59
1120,34,25,112,168.0
1121,34,27,112,22.400000000000002
1122,34,26,112,22.400000000000002
1123,35,1,717,215.1
1124,35,3,608,912.0
1125,35,4,349,139.6
1126,35,5,286,143.0
1127,35,31,1537,76.85000000000001
1128,35,28,1625,32.5
1129,35,6,84,16.8
1130,35,2,808,202.0
1131,35,7,260,104.0
1132,35,8,91,68.25
1133,35,10,260,195.0
1134,35,9,101,85.85
1135,35,11,88,8.8
1136,35,34,88,15.84
1137,35,12,95,114.0
1138,35,13,99,4.95
1139,35,29,178,17.8
1140,35,30,262,13.100000000000001
1141,35,14,79,6.32
1142,35,15,358,89.5
1143,35,16,91,72.8
1144,35,17,188,206.8
1145,35,19,176,44.0
1146,35,20,176,132.0
1147,35,21,92,9.200000000000001
1148,35,22,92,4.6000000000000005
1149,35,23,312,234.0
1150,35,32,75,15.0
1151,35,24,84,21.0
1152,35,33,84,19.32
1153,35,25,97,145.5
1154,35,27,97,19.400000000000002
1155,35,26,97,19.400000000000002
1156,36,1,917,275.09999999999997
1157,36,3,791,1186.5
1158,36,4,456,182.4
1159,36,5,356,178.0
1160,36,31,1920,96.0
1161,36,28,2026,40.52
1162,36,6,122,24.400000000000002
1163,36,2,997,249.25
1164,36,7,338,135.20000000000002
1165,36,8,125,93.75
1166,36,10,318,238.5
1167,36,9,120,102.0
1168,36,11,106,10.600000000000001
1169,36,34,106,19.08
1170,36,12,117,140.4
1171,36,13,127,6.3500000000000005
1172,36,29,246,24.6
1173,36,30,361,18.05
1174,36,14,119,9.52
1175,36,15,422,105.5
1176,36,16,107,85.60000000000001
1177,36,17,238,261.8
1178,36,19,226,56.5
1179,36,20,226,169.5
1180,36,21,96,9.600000000000001
1181,36,22,96,4.800000000000001
1182,36,23,417,312.75
1183,36,32,98,19.6
1184,36,24,115,28.75
1185,36,33,115,26.450000000000003
1186,36,25,118,177.0
1187,36,27,118,23.6
1188,36,26,118,23.6
1189,37,1,916,274.8
1190,37,3,698,1047.0
1191,37,4,393,157.20000000000002
1192,37,5,320,160.0
1193,37,31,1877,93.85000000000001
1194,37,28,1981,39.62
1195,37,6,94,18.8
1196,37,2,1038,259.5
1197,37,7,358,143.20000000000002
1198,37,8,119,89.25
1199,37,10,364,273.0
1200,37,9,140,119.0
1201,37,11,104,10.4
1202,37,34,104,18.72
1203,37,12,111,133.2
1204,37,13,116,5.800000000000001
1205,37,29,238,23.8
1206,37,30,334,16.7
1207,37,14,122,9.76
1208,37,15,434,108.5
1209,37,16,97,77.60000000000001
1210,37,17,218,239.8
1211,37,19,240,60.0
1212,37,20,240,180.0
1213,37,21,109,10.9
1214,37,22,109,5.45
1215,37,23,389,291.75
1216,37,32,98,19.6
1217,37,24,96,24.0
1218,37,33,96,22.080000000000002
1219,37,25,104,156.0
1220,37,27,104,20.8
1221,37,26,104,20.8
1222,38,1,1077,323.09999999999997
1223,38,3,952,1428.0
1224,38,4,557,222.8
1225,38,5,406,203.0
1226,38,31,2254,112.7
1227,38,28,2392,47.84
1228,38,6,125,25.0
1229,38,2,1173,293.25
1230,38,7,387,154.8
1231,38,8,133,99.75
1232,38,10,385,288.75
1233,38,9,125,106.25
1234,38,11,138,13.8
1235,38,34,138,24.84
1236,38,12,152,182.4
1237,38,13,136,6.800000000000001
1238,38,29,272,27.200000000000003
1239,38,30,391,19.55
1240,38,14,136,10.88
1241,38,15,544,136.0
1242,38,16,142,113.60000000000001
1243,38,17,210,231.00000000000003
1244,38,19,280,70.0
1245,38,20,280,210.0
1246,38,21,114,11.4
1247,38,22,114,5.7
1248,38,23,540,405.0
1249,38,32,135,27.0
1250,38,24,119,29.75
1251,38,33,119,27.37
1252,38,25,127,190.5
1253,38,27,127,25.400000000000002
1254,38,26,127,25.400000000000002
1255,39,1,857,257.09999999999997
1256,39,3,726,1089.0
1257,39,4,427,170.8
1258,39,5,341,170.5
1259,39,31,1888,94.4
1260,39,28,1989,39.78
1261,39,6,123,24.6
1262,39,2,975,243.75
1263,39,7,314,125.60000000000001
1264,39,8,127,95.25
1265,39,10,336,252.0
1266,39,9,112,95.2
1267,39,11,101,10.100000000000001
1268,39,34,101,18.18
1269,39,12,105,126.0
1270,39,13,120,6.0
1271,39,29,224,22.400000000000002
1272,39,30,342,17.1
1273,39,14,104,8.32
1274,39,15,432,108.0
1275,39,16,120,96.0
1276,39,17,198,217.8
1277,39,19,248,62.0
1278,39,20,248,186.0
1279,39,21,119,11.9
1280,39,22,119,5.95
1281,39,23,451,338.25
1282,39,32,110,22.0
1283,39,24,118,29.5
1284,39,33,118,27.14
1285,39,25,125,187.5
1286,39,27,125,25.0
1287,39,26,125,25.0
1288,40,1,942,282.59999999999997
1289,40,3,820,1230.0
1290,40,4,476,190.4
1291,40,5,342,171.0
1292,40,31,1967,98.35000000000001
1293,40,28,2098,41.96
1294,40,6,118,23.6
1295,40,2,1092,273.0
1296,40,7,333,133.20000000000002
1297,40,8,117,87.75
1298,40,10,352,264.0
1299,40,9,134,113.89999999999999
1300,40,11,131,13.100000000000001
1301,40,34,131,23.58
1302,40,12,114,136.79999999999998
1303,40,13,122,6.1000000000000005
1304,40,29,236,23.6
1305,40,30,350,17.5
1306,40,14,114,9.120000000000001
1307,40,15,488,122.0
1308,40,16,106,84.80000000000001
1309,40,17,230,253.00000000000003
1310,40,19,232,58.0
1311,40,20,232,174.0
1312,40,21,115,11.5
1313,40,22,115,5.75
1314,40,23,516,387.0
1315,40,32,138,27.6
1316,40,24,114,28.5
1317,40,33,114,26.220000000000002
1318,40,25,97,145.5
1319,40,27,97,19.400000000000002
1320,40,26,97,19.400000000000002
1321,41,1,700,210.0
1322,41,3,603,904.5
1323,41,4,324,129.6
1324,41,5,260,130.0
1325,41,31,1485,74.25
1326,41,28,1570,31.400000000000002
1327,41,6,67,13.4
1328,41,2,783,195.75
1329,41,7,275,110.0
1330,41,8,82,61.5
1331,41,10,250,187.5
1332,41,9,86,73.1
1333,41,11,85,8.5
1334,41,34,85,15.299999999999999
1335,41,12,86,103.2
1336,41,13,83,4.15
1337,41,29,172,17.2
1338,41,30,258,12.9
1339,41,14,89,7.12
1340,41,15,374,93.5
1341,41,16,95,76.0
1342,41,17,174,191.4
1343,41,19,198,49.5
1344,41,20,198,148.5
1345,41,21,85,8.5
1346,41,22,85,4.25
1347,41,23,357,267.75
1348,41,32,83,16.6
1349,41,24,86,21.5
1350,41,33,86,19.78
1351,41,25,79,118.5
1352,41,27,79,15.8
1353,41,26,79,15.8
1354,42,1,907,272.09999999999997
1355,42,3,751,1126.5
1356,42,4,418,167.20000000000002
1357,42,5,350,175.0
1358,42,31,1913,95.65
1359,42,28,2036,40.72
1360,42,6,97,19.400000000000002
1361,42,2,1051,262.75
1362,42,7,343,137.20000000000002
1363,42,8,133,99.75
1364,42,10,336,252.0
1365,42,9,110,93.5
1366,42,11,123,12.3
1367,42,34,123,22.14
1368,42,12,125,150.0
1369,42,13,117,5.8500000000000005
1370,42,29,230,23.0
1371,42,30,335,16.75
1372,42,14,113,9.040000000000001
1373,42,15,472,118.0
1374,42,16,111,88.80000000000001
1375,42,17,220,242.00000000000003
1376,42,19,250,62.5
1377,42,20,250,187.5
1378,42,21,96,9.600000000000001
1379,42,22,96,4.800000000000001
1380,42,23,478,358.5
1381,42,32,121,24.200000000000003
1382,42,24,105,26.25
1383,42,33,105,24.150000000000002
1384,42,25,106,159.0
1385,42,27,106,21.200000000000003
1386,42,26,106,21.200000000000003
1387,43,1,876,262.8
1388,43,3,752,1128.0
1389,43,4,422,168.8
1390,43,5,333,166.5
1391,43,31,1848,92.4
1392,43,28,1956,39.12
1393,43,6,91,18.2
1394,43,2,957,239.25
1395,43,7,326,130.4
1396,43,8,120,90.0
1397,43,10,296,222.0
1398,43,9,99,84.14999999999999
1399,43,11,108,10.8
1400,43,34,108,19.439999999999998
1401,43,12,114,136.79999999999998
1402,43,13,115,5.75
1403,43,29,230,23.0
1404,43,30,344,17.2
1405,43,14,115,9.200000000000001
1406,43,15,462,115.5
1407,43,16,124,99.2
1408,43,17,198,217.8
1409,43,19,226,56.5
1410,43,20,226,169.5
1411,43,21,88,8.8
1412,43,22,88,4.4
1413,43,23,414,310.5
1414,43,32,90,18.0
1415,43,24,114,28.5
1416,43,33,114,26.220000000000002
1417,43,25,112,168.0
1418,43,27,112,22.400000000000002
1419,43,26,112,22.400000000000002
1420,44,1,1030,309.0
1421,44,3,883,1324.5
1422,44,4,516,206.4
1423,44,5,394,197.0
1424,44,31,2137,106.85000000000001
1425,44,28,2272,45.44
1426,44,6,107,21.400000000000002
1427,44,2,1159,289.75
1428,44,7,358,143.20000000000002
1429,44,8,134,100.5
1430,44,10,389,291.75
1431,44,9,129,109.64999999999999
1432,44,11,135,13.5
1433,44,34,135,24.3
1434,44,12,113,135.6
1435,44,13,120,6.0
1436,44,29,252,25.200000000000003
1437,44,30,369,18.45
1438,44,14,132,10.56
1439,44,15,508,127.0
1440,44,16,152,121.60000000000001
1441,44,17,254,279.40000000000003
1442,44,19,188,47.0
1443,44,20,188,141.0
1444,44,21,133,13.3
1445,44,22,133,6.65
1446,44,23,457,342.75
1447,44,32,116,23.200000000000003
1448,44,24,117,29.25
1449,44,33,117,26.91
1450,44,25,127,190.5
1451,44,27,127,25.400000000000002
1452,44,26,127,25.400000000000002
1453,45,1,935,280.5
1454,45,3,814,1221.0
1455,45,4,469,187.60000000000002
1456,45,5,341,170.5
1457,45,31,2022,101.10000000000001
1458,45,28,2148,42.96
1459,45,6,113,22.6
1460,45,2,1077,269.25
1461,45,7,351,140.4
1462,45,8,108,81.0
1463,45,10,369,276.75
1464,45,9,120,102.0
1465,45,11,126,12.600000000000001
1466,45,34,126,22.68
1467,45,12,129,154.79999999999998
1468,45,13,110,5.5
1469,45,29,237,23.700000000000003
1470,45,30,362,18.1
1471,45,14,127,10.16
1472,45,15,510,127.5
1473,45,16,109,87.2
1474,45,17,234,257.40000000000003
1475,45,19,248,62.0
1476,45,20,248,186.0
1477,45,21,120,12.0
1478,45,22,120,6.0
1479,45,23,490,367.5
1480,45,32,116,23.200000000000003
1481,45,24,125,31.25
1482,45,33,125,28.75
1483,45,25,120,180.0
1484,45,27,120,24.0
1485,45,26,120,24.0
1486,46,1,945,283.5
1487,46,3,825,1237.5
1488,46,4,474,189.60000000000002
1489,46,5,377,188.5
1490,46,31,2053,102.65
1491,46,28,2173,43.46
1492,46,6,124,24.8
1493,46,2,1085,271.25
1494,46,7,344,137.6
1495,46,8,134,100.5
1496,46,10,356,267.0
1497,46,9,117,99.45
1498,46,11,120,12.0
1499,46,34,120,21.599999999999998
1500,46,12,108,129.6
1501,46,13,117,5.8500000000000005
1502,46,29,233,23.3
1503,46,30,367,18.35
1504,46,14,116,9.28
1505,46,15,508,127.0
1506,46,16,132,105.60000000000001
1507,46,17,228,250.8
1508,46,19,278,69.5
1509,46,20,278,208.5
1510,46,21,130,13.0
1511,46,22,130,6.5
1512,46,23,485,363.75
1513,46,32,110,22.0
1514,46,24,134,33.5
1515,46,33,134,30.82
1516,46,25,107,160.5
1517,46,27,107,21.400000000000002
1518,46,26,107,21.400000000000002
1519,47,1,884,265.2
1520,47,3,730,1095.0
1521,47,4,418,167.20000000000002
1522,47,5,307,153.5
1523,47,31,1901,95.05000000000001
1524,47,28,2009,40.18
1525,47,6,96,19.200000000000003
1526,47,2,997,249.25
1527,47,7,338,135.20000000000002
1528,47,8,98,73.5
1529,47,10,348,261.0
1530,47,9,126,107.1
1531,47,11,108,10.8
1532,47,34,108,19.439999999999998
1533,47,12,128,153.6
1534,47,13,116,5.800000000000001
1535,47,29,224,22.400000000000002
1536,47,30,353,17.650000000000002
1537,47,14,108,8.64
1538,47,15,458,114.5
1539,47,16,112,89.60000000000001
1540,47,17,212,233.20000000000002
1541,47,19,246,61.5
1542,47,20,246,184.5
1543,47,21,111,11.100000000000001
1544,47,22,111,5.550000000000001
1545,47,23,486,364.5
1546,47,32,120,24.0
1547,47,24,129,32.25
1548,47,33,129,29.67
1549,47,25,112,168.0
1550,47,27,112,22.400000000000002
1551,47,26,112,22.400000000000002
1552,48,1,1013,303.9
1553,48,3,876,1314.0
1554,48,4,492,196.8
1555,48,5,404,202.0
1556,48,31,2160,108.0
1557,48,28,2281,45.62
1558,48,6,120,24.0
1559,48,2,1119,279.75
1560,48,7,385,154.0
1561,48,8,145,108.75
1562,48,10,364,273.0
1563,48,9,111,94.35
1564,48,11,121,12.100000000000001
1565,48,34,121,21.779999999999998
1566,48,12,153,183.6
1567,48,13,116,5.800000000000001
1568,48,29,247,24.700000000000003
1569,48,30,383,19.150000000000002
1570,48,14,131,10.48
1571,48,15,480,120.0
1572,48,16,124,99.2
1573,48,17,266,292.6
1574,48,19,252,63.0
1575,48,20,252,189.0
1576,48,21,115,11.5
1577,48,22,115,5.75
1578,48,23,490,367.5
1579,48,32,116,23.200000000000003
1580,48,24,136,34.0
1581,48,33,136,31.28
1582,48,25,136,204.0
1583,48,27,136,27.200000000000003
1584,48,26,136,27.200000000000003
1585,49,1,875,262.5
1586,49,3,757,1135.5
1587,49,4,430,172.0
1588,49,5,360,180.0
1589,49,31,1866,93.30000000000001
1590,49,28,1971,39.42
1591,49,6,116,23.200000000000003
1592,49,2,970,242.5
1593,49,7,345,138.0
1594,49,8,128,96.0
1595,49,10,312,234.0
1596,49,9,88,74.8
1597,49,11,105,10.5
1598,49,34,105,18.9
1599,49,12,118,141.6
1600,49,13,119,5.95
1601,49,29,239,23.900000000000002
1602,49,30,348,17.400000000000002
1603,49,14,120,9.6
1604,49,15,440,110.0
1605,49,16,112,89.60000000000001
1606,49,17,196,215.60000000000002
1607,49,19,222,55.5
1608,49,20,222,166.5
1609,49,21,94,9.4
1610,49,22,94,4.7
1611,49,23,466,349.5
1612,49,32,117,23.400000000000002
1613,49,24,109,27.25
1614,49,33,109,25.07
1615,49,25,122,183.0
1616,49,27,122,24.400000000000002
1617,49,26,122,24.400000000000002
1618,50,1,1106,331.8
1619,50,3,983,1474.5
1620,50,4,557,222.8
1621,50,5,416,208.0
1622,50,31,2297,114.85000000000001
1623,50,28,2420,48.4
1624,50,6,146,29.200000000000003
1625,50,2,1194,298.5
1626,50,7,429,171.60000000000002
1627,50,8,144,108.0
1628,50,10,398,298.5
1629,50,9,122,103.7
1630,50,11,123,12.3
1631,50,34,123,22.14
1632,50,12,133,159.6
1633,50,13,148,7.4
1634,50,29,275,27.5
1635,50,30,416,20.8
1636,50,14,127,10.16
1637,50,15,558,139.5
1638,50,16,106,84.80000000000001
1639,50,17,252,277.20000000000005
1640,50,19,262,65.5
1641,50,20,262,196.5
1642,50,21,130,13.0
1643,50,22,130,6.5
1644,50,23,590,442.5
1645,50,32,149,29.8
1646,50,24,141,35.25
1647,50,33,141,32.43
1648,50,25,140,210.0
1649,50,27,140,28.0
1650,50,26,140,28.0
1651,51,1,729,218.7
1652,51,3,645,967.5
1653,51,4,380,152.0
1654,51,5,280,140.0
1655,51,31,1497,74.85000000000001
1656,51,28,1583,31.66
1657,51,6,97,19.400000000000002
1658,51,2,804,201.0
1659,51,7,258,103.2
1660,51,8,98,73.5
1661,51,10,268,201.0
1662,51,9,90,76.5
1663,51,11,86,8.6
1664,51,34,86,15.479999999999999
1665,51,12,68,81.6
1666,51,13,105,5.25
1667,51,29,194,19.400000000000002
1668,51,30,302,15.100000000000001
1669,51,14,89,7.12
1670,51,15,370,92.5
1671,51,16,75,60.0
1672,51,17,168,184.8
1673,51,19,174,43.5
1674,51,20,174,130.5
1675,51,21,100,10.0
1676,51,22,100,5.0
1677,51,23,411,308.25
1678,51,32,109,21.8
1679,51,24,108,27.0
1680,51,33,108,24.84
1681,51,25,72,108.0
1682,51,27,72,14.4
1683,51,26,72,14.4
1684,52,1,781,234.29999999999998
1685,52,3,688,1032.0
1686,52,4,399,159.60000000000002
1687,52,5,306,153.0
1688,52,31,1712,85.60000000000001
1689,52,28,1800,36.0
1690,52,6,113,22.6
1691,52,2,861,215.25
1692,52,7,305,122.0
1693,52,8,96,72.0
1694,52,10,294,220.5
1695,52,9,94,79.89999999999999
1696,52,11,88,8.8
1697,52,34,88,15.84
1698,52,12,104,124.8
1699,52,13,106,5.300000000000001
1700,52,29,195,19.5
1701,52,30,299,14.950000000000001
1702,52,14,89,7.12
1703,52,15,416,104.0
1704,52,16,106,84.80000000000001
1705,52,17,186,204.60000000000002
1706,52,19,200,50.0
1707,52,20,200,150.0
1708,52,21,102,10.200000000000001
1709,52,22,102,5.1000000000000005
1710,52,23,384,288.0
1711,52,32,90,18.0
1712,52,24,104,26.0
1713,52,33,104,23.92
1714,52,25,105,157.5
1715,52,27,105,21.0
1716,52,26,105,21.0
1717,53,1,808,242.39999999999998
1718,53,3,728,1092.0
1719,53,4,405,162.0
1720,53,5,320,160.0
1721,53,31,1680,84.0
1722,53,28,1784,35.68
1723,53,6,97,19.400000000000002
1724,53,2,912,228.0
1725,53,7,295,118.0
1726,53,8,107,80.25
1727,53,10,285,213.75
1728,53,9,98,83.3
1729,53,11,104,10.4
1730,53,34,104,18.72
1731,53,12,102,122.39999999999999
1732,53,13,102,5.1000000000000005
1733,53,29,197,19.700000000000003
1734,53,30,298,14.9
1735,53,14,95,7.6000000000000005
1736,53,15,388,97.0
1737,53,16,105,84.0
1738,53,17,160,176.0
1739,53,19,224,56.0
1740,53,20,224,168.0
1741,53,21,100,10.0
1742,53,22,100,5.0
1743,53,23,382,286.5
1744,53,32,95,19.0
1745,53,24,101,25.25
1746,53,33,101,23.23
1747,53,25,82,123.0
1748,53,27,82,16.400000000000002
1749,53,26,82,16.400000000000002
1750,54,1,964,289.2
1751,54,3,853,1279.5
1752,54,4,503,201.20000000000002
1753,54,5,380,190.0
1754,54,31,2152,107.60000000000001
1755,54,28,2265,45.300000000000004
1756,54,6,129,25.8
1757,54,2,1060,265.0
1758,54,7,339,135.6
1759,54,8,126,94.5
1760,54,10,359,269.25
1761,54,9,125,106.25
1762,54,11,113,11.3
1763,54,34,113,20.34
1764,54,12,131,157.2
1765,54,13,111,5.550000000000001
1766,54,29,234,23.400000000000002
1767,54,30,346,17.3
1768,54,14,123,9.84
1769,54,15,500,125.0
1770,54,16,136,108.80000000000001
1771,54,17,288,316.8
1772,54,19,276,69.0
1773,54,20,276,207.0
1774,54,21,131,13.100000000000001
1775,54,22,131,6.550000000000001
1776,54,23,419,314.25
1777,54,32,97,19.400000000000002
1778,54,24,112,28.0
1779,54,33,112,25.76
1780,54,25,129,193.5
1781,54,27,129,25.8
1782,54,26,129,25.8
1783,55,1,871,261.3
1784,55,3,765,1147.5
1785,55,4,440,176.0
1786,55,5,342,171.0
1787,55,31,1852,92.60000000000001
1788,55,28,1957,39.14
1789,55,6,117,23.400000000000002
1790,55,2,976,244.0
1791,55,7,308,123.2
1792,55,8,130,97.5
1793,55,10,329,246.75
1794,55,9,110,93.5
1795,55,11,105,10.5
1796,55,34,105,18.9
1797,55,12,116,139.2
1798,55,13,98,4.9
1799,55,29,197,19.700000000000003
1800,55,30,302,15.100000000000001
1801,55,14,99,7.92
1802,55,15,404,101.0
1803,55,16,92,73.60000000000001
1804,55,17,226,248.60000000000002
1805,55,19,246,61.5
1806,55,20,246,184.5
1807,55,21,113,11.3
1808,55,22,113,5.65
1809,55,23,418,313.5
1810,55,32,104,20.8
1811,55,24,105,26.25
1812,55,33,105,24.150000000000002
1813,55,25,105,157.5
1814,55,27,105,21.0
1815,55,26,105,21.0
1816,56,1,827,248.1
1817,56,3,757,1135.5
1818,56,4,439,175.60000000000002
1819,56,5,315,157.5
1820,56,31,1745,87.25
1821,56,28,1857,37.14
1822,56,6,116,23.200000000000003
1823,56,2,926,231.5
1824,56,7,300,120.0
1825,56,8,102,76.5
1826,56,10,288,216.0
1827,56,9,102,86.7
1828,56,11,112,11.200000000000001
1829,56,34,112,20.16
1830,56,12,100,120.0
1831,56,13,100,5.0
1832,56,29,208,20.8
1833,56,30,332,16.6
1834,56,14,108,8.64
1835,56,15,420,105.0
1836,56,16,89,71.2
1837,56,17,236,259.6
1838,56,19,206,51.5
1839,56,20,206,154.5
1840,56,21,86,8.6
1841,56,22,86,4.3
1842,56,23,441,330.75
1843,56,32,110,22.0
1844,56,24,124,31.0
1845,56,33,124,28.52
1846,56,25,96,144.0
1847,56,27,96,19.200000000000003
1848,56,26,96,19.200000000000003
1849,57,1,804,241.2
1850,57,3,719,1078.5
1851,57,4,417,166.8
1852,57,5,311,155.5
1853,57,31,1717,85.85000000000001
1854,57,28,1845,36.9
1855,57,6,101,20.200000000000003
1856,57,2,966,241.5
1857,57,7,285,114.0
1858,57,8,113,84.75
1859,57,10,316,237.0
1860,57,9,90,76.5
1861,57,11,128,12.8
1862,57,34,128,23.04
1863,57,12,105,126.0
1864,57,13,108,5.4
1865,57,29,231,23.1
1866,57,30,318,15.9
1867,57,14,123,9.84
1868,57,15,430,107.5
1869,57,16,93,74.4
1870,57,17,200,220.00000000000003
1871,57,19,184,46.0
1872,57,20,184,138.0
1873,57,21,94,9.4
1874,57,22,94,4.7
1875,57,23,422,316.5
1876,57,32,120,24.0
1877,57,24,87,21.75
1878,57,33,87,20.01
1879,57,25,113,169.5
1880,57,27,113,22.6
1881,57,26,113,22.6
1882,58,1,1043,312.9
1883,58,3,950,1425.0
1884,58,4,519,207.60000000000002
1885,58,5,395,197.5
1886,58,31,2203,110.15
1887,58,28,2324,46.480000000000004
1888,58,6,136,27.200000000000003
1889,58,2,1158,289.5
1890,58,7,447,178.8
1891,58,8,110,82.5
1892,58,10,394,295.5
1893,58,9,103,87.55
1894,58,11,121,12.100000000000001
1895,58,34,121,21.779999999999998
1896,58,12,141,169.2
1897,58,13,108,5.4
1898,58,29,234,23.400000000000002
1899,58,30,364,18.2
1900,58,14,126,10.08
1901,58,15,492,123.0
1902,58,16,128,102.4
1903,58,17,266,292.6
1904,58,19,248,62.0
1905,58,20,248,186.0
1906,58,21,135,13.5
1907,58,22,135,6.75
1908,58,23,490,367.5
1909,58,32,117,23.400000000000002
1910,58,24,130,32.5
1911,58,33,130,29.900000000000002
1912,58,25,117,175.5
1913,58,27,117,23.400000000000002
1914,58,26,117,23.400000000000002
1915,59,1,788,236.39999999999998
1916,59,3,696,1044.0
1917,59,4,388,155.20000000000002
1918,59,5,303,151.5
1919,59,31,1686,84.30000000000001
1920,59,28,1785,35.7
1921,59,6,99,19.8
1922,59,2,895,223.75
1923,59,7,306,122.4
1924,59,8,99,74.25
1925,59,10,300,225.0
1926,59,9,94,79.89999999999999
1927,59,11,99,9.9
1928,59,34,99,17.82
1929,59,12,99,118.8
1930,59,13,86,4.3
1931,59,29,210,21.0
1932,59,30,317,15.850000000000001
1933,59,14,124,9.92
1934,59,15,402,100.5
1935,59,16,91,72.8
1936,59,17,218,239.8
1937,59,19,180,45.0
1938,59,20,180,135.0
1939,59,21,99,9.9
1940,59,22,99,4.95
1941,59,23,449,336.75
1942,59,32,116,23.200000000000003
1943,59,24,107,26.75
1944,59,33,107,24.61
1945,59,25,110,165.0
1946,59,27,110,22.0
1947,59,26,110,22.0
1948,60,1,815,244.5
1949,60,3,757,1135.5
1950,60,4,428,171.20000000000002
1951,60,5,302,151.0
1952,60,31,1744,87.2
1953,60,28,1840,36.800000000000004
1954,60,6,101,20.200000000000003
1955,60,2,874,218.5
1956,60,7,302,120.80000000000001
1957,60,8,95,71.25
1958,60,10,290,217.5
1959,60,9,91,77.35
1960,60,11,96,9.600000000000001
1961,60,34,96,17.28
1962,60,12,101,121.19999999999999
1963,60,13,108,5.4
1964,60,29,211,21.1
1965,60,30,316,15.8
1966,60,14,103,8.24
1967,60,15,436,109.0
1968,60,16,99,79.2
1969,60,17,194,213.4
1970,60,19,204,51.0
1971,60,20,204,153.0
1972,60,21,98,9.8
1973,60,22,98,4.9
1974,60,23,417,312.75
1975,60,32,102,20.400000000000002
1976,60,24,105,26.25
1977,60,33,105,24.150000000000002
1978,60,25,113,169.5
1979,60,27,113,22.6
1980,60,26,113,22.6
1981,61,1,765,229.5
1982,61,3,642,963.0
1983,61,4,369,147.6
1984,61,5,312,156.0
1985,61,31,1590,79.5
1986,61,28,1679,33.58
1987,61,6,86,17.2
1988,61,2,845,211.25
1989,61,7,276,110.4
1990,61,8,96,72.0
1991,61,10,272,204.0
1992,61,9,110,93.5
1993,61,11,89,8.9
1994,61,34,89,16.02
1995,61,12,83,99.6
1996,61,13,91,4.55
1997,61,29,192,19.200000000000003
1998,61,30,272,13.600000000000001
1999,61,14,101,8.08
2000,61,15,362,90.5
2001,61,16,107,85.60000000000001
2002,61,17,190,209.00000000000003
2003,61,19,170,42.5
2004,61,20,170,127.5
2005,61,21,96,9.600000000000001
2006,61,22,96,4.800000000000001
2007,61,23,357,267.75
2008,61,32,89,17.8
2009,61,24,80,20.0
2010,61,33,80,18.400000000000002
2011,61,25,92,138.0
2012,61,27,92,18.400000000000002
2013,61,26,92,18.400000000000002
2014,62,1,830,249.0
2015,62,3,731,1096.5
2016,62,4,403,161.20000000000002
2017,62,5,290,145.0
2018,62,31,1722,86.10000000000001
2019,62,28,1837,36.74
2020,62,6,94,18.8
2021,62,2,964,241.0
2022,62,7,331,132.4
2023,62,8,90,67.5
2024,62,10,331,248.25
2025,62,9,100,85.0
2026,62,11,115,11.5
2027,62,34,115,20.7
2028,62,12,99,118.8
2029,62,13,99,4.95
2030,62,29,216,21.6
2031,62,30,304,15.200000000000001
2032,62,14,117,9.36
2033,62,15,378,94.5
2034,62,16,105,84.0
2035,62,17,218,239.8
2036,62,19,190,47.5
2037,62,20,190,142.5
2038,62,21,98,9.8
2039,62,22,98,4.9
2040,62,23,347,260.25
2041,62,32,83,16.6
2042,62,24,88,22.0
2043,62,33,88,20.240000000000002
2044,62,25,103,154.5
2045,62,27,103,20.6
2046,62,26,103,20.6
2047,63,1,896,268.8
2048,63,3,793,1189.5
2049,63,4,462,184.8
2050,63,5,342,171.0
2051,63,31,1896,94.80000000000001
2052,63,28,2015,40.300000000000004
2053,63,6,119,23.8
2054,63,2,1013,253.25
2055,63,7,323,129.20000000000002
2056,63,8,113,84.75
2057,63,10,337,252.75
2058,63,9,117,99.45
2059,63,11,119,11.9
2060,63,34,119,21.419999999999998
2061,63,12,93,111.6
2062,63,13,114,5.7
2063,63,29,235,23.5
2064,63,30,346,17.3
2065,63,14,121,9.68
2066,63,15,472,118.0
2067,63,16,111,88.80000000000001
2068,63,17,228,250.8
2069,63,19,236,59.0
2070,63,20,236,177.0
2071,63,21,103,10.3
2072,63,22,103,5.15
2073,63,23,496,372.0
2074,63,32,138,27.6
2075,63,24,111,27.75
2076,63,33,111,25.53
2077,63,25,106,159.0
2078,63,27,106,21.200000000000003
2079,63,26,106,21.200000000000003
2080,64,1,916,274.8
2081,64,3,782,1173.0
2082,64,4,433,173.20000000000002
2083,64,5,334,167.0
2084,64,31,1907,95.35000000000001
2085,64,28,2025,40.5
2086,64,6,88,17.6
2087,64,2,1045,261.25
2088,64,7,350,140.0
2089,64,8,104,78.0
2090,64,10,366,274.5
2091,64,9,117,99.45
2092,64,11,118,11.8
2093,64,34,118,21.24
2094,64,12,114,136.79999999999998
2095,64,13,115,5.75
2096,64,29,229,22.900000000000002
2097,64,30,353,17.650000000000002
2098,64,14,114,9.120000000000001
2099,64,15,434,108.5
2100,64,16,110,88.0
2101,64,17,226,248.60000000000002
2102,64,19,238,59.5
2103,64,20,238,178.5
2104,64,21,120,12.0
2105,64,22,120,6.0
2106,64,23,443,332.25
2107,64,32,108,21.6
2108,64,24,124,31.0
2109,64,33,124,28.52
2110,64,25,110,165.0
2111,64,27,110,22.0
2112,64,26,110,22.0
2113,65,1,969,290.7
2114,65,3,873,1309.5
2115,65,4,473,189.20000000000002
2116,65,5,367,183.5
2117,65,31,2040,102.0
2118,65,28,2148,42.96
2119,65,6,117,23.400000000000002
2120,65,2,1036,259.0
2121,65,7,376,150.4
2122,65,8,117,87.75
2123,65,10,319,239.25
2124,65,9,120,102.0
2125,65,11,108,10.8
2126,65,34,108,19.439999999999998
2127,65,12,112,134.4
2128,65,13,119,5.95
2129,65,29,245,24.5
2130,65,30,354,17.7
2131,65,14,126,10.08
2132,65,15,508,127.0
2133,65,16,117,93.60000000000001
2134,65,17,224,246.40000000000003
2135,65,19,258,64.5
2136,65,20,258,193.5
2137,65,21,99,9.9
2138,65,22,99,4.95
2139,65,23,469,351.75
2140,65,32,115,23.0
2141,65,24,109,27.25
2142,65,33,109,25.07
2143,65,25,131,196.5
2144,65,27,131,26.200000000000003
2145,65,26,131,26.200000000000003
2146,66,1,867,260.09999999999997
2147,66,3,739,1108.5
2148,66,4,425,170.0
2149,66,5,326,163.0
2150,66,31,1805,90.25
2151,66,28,1916,38.32
2152,66,6,113,22.6
2153,66,2,996,249.0
2154,66,7,329,131.6
2155,66,8,108,81.0
2156,66,10,323,242.25
2157,66,9,118,100.3
2158,66,11,111,11.100000000000001
2159,66,34,111,19.98
2160,66,12,103,123.6
2161,66,13,110,5.5
2162,66,29,211,21.1
2163,66,30,332,16.6
2164,66,14,101,8.08
2165,66,15,448,112.0
2166,66,16,87,69.60000000000001
2167,66,17,194,213.4
2168,66,19,208,52.0
2169,66,20,208,156.0
2170,66,21,108,10.8
2171,66,22,108,5.4
2172,66,23,425,318.75
2173,66,32,101,20.200000000000003
2174,66,24,121,30.25
2175,66,33,121,27.830000000000002
2176,66,25,102,153.0
2177,66,27,102,20.400000000000002
2178,66,26,102,20.400000000000002
2179,67,1,998,299.4
2180,67,3,871,1306.5
2181,67,4,490,196.0
2182,67,5,357,178.5
2183,67,31,2110,105.5
2184,67,28,2227,44.54
2185,67,6,106,21.200000000000003
2186,67,2,1095,273.75
2187,67,7,380,152.0
2188,67,8,114,85.5
2189,67,10,379,284.25
2190,67,9,120,102.0
2191,67,11,117,11.700000000000001
2192,67,34,117,21.06
2193,67,12,117,140.4
2194,67,13,107,5.3500000000000005
2195,67,29,218,21.8
2196,67,30,352,17.6
2197,67,14,111,8.88
2198,67,15,526,131.5
2199,67,16,126,100.80000000000001
2200,67,17,226,248.60000000000002
2201,67,19,258,64.5
2202,67,20,258,193.5
2203,67,21,130,13.0
2204,67,22,130,6.5
2205,67,23,507,380.25
2206,67,32,116,23.200000000000003
2207,67,24,134,33.5
2208,67,33,134,30.82
2209,67,25,128,192.0
2210,67,27,128,25.6
2211,67,26,128,25.6
2212,68,1,971,291.3
2213,68,3,853,1279.5
2214,68,4,496,198.4
2215,68,5,369,184.5
2216,68,31,2078,103.9
2217,68,28,2213,44.26
2218,68,6,128,25.6
2219,68,2,1157,289.25
2220,68,7,369,147.6
2221,68,8,114,85.5
2222,68,10,403,302.25
2223,68,9,120,102.0
2224,68,11,135,13.5
2225,68,34,135,24.3
2226,68,12,114,136.79999999999998
2227,68,13,108,5.4
2228,68,29,235,23.5
2229,68,30,356,17.8
2230,68,14,127,10.16
2231,68,15,442,110.5
2232,68,16,131,104.80000000000001
2233,68,17,248,272.8
2234,68,19,264,66.0
2235,68,20,264,198.0
2236,68,21,149,14.9
2237,68,22,149,7.45
2238,68,23,479,359.25
2239,68,32,118,23.6
2240,68,24,121,30.25
2241,68,33,121,27.830000000000002
2242,68,25,108,162.0
2243,68,27,108,21.6
2244,68,26,108,21.6
2245,69,1,761,228.29999999999998
2246,69,3,682,1023.0
2247,69,4,393,157.20000000000002
2248,69,5,297,148.5
2249,69,31,1600,80.0
2250,69,28,1705,34.1
2251,69,6,92,18.400000000000002
2252,69,2,866,216.5
2253,69,7,285,114.0
2254,69,8,87,65.25
2255,69,10,292,219.0
2256,69,9,88,74.8
2257,69,11,105,10.5
2258,69,34,105,18.9
2259,69,12,101,121.19999999999999
2260,69,13,88,4.4
2261,69,29,187,18.7
2262,69,30,289,14.450000000000001
2263,69,14,99,7.92
2264,69,15,390,97.5
2265,69,16,88,70.4
2266,69,17,186,204.60000000000002
2267,69,19,162,40.5
2268,69,20,162,121.5
2269,69,21,91,9.1
2270,69,22,91,4.55
2271,69,23,379,284.25
2272,69,32,88,17.6
2273,69,24,102,25.5
2274,69,33,102,23.46
2275,69,25,98,147.0
2276,69,27,98,19.6
2277,69,26,98,19.6
2278,70,1,2030,609.0
2279,70,3,1742,2613.0
2280,70,4,999,399.6
2281,70,5,784,392.0
2282,70,31,4296,214.8
2283,70,28,4580,91.60000000000001
2284,70,6,240,48.0
2285,70,2,2346,586.5
2286,70,7,744,297.6
2287,70,8,265,198.75
2288,70,10,739,554.25
2289,70,9,262,222.7
2290,70,11,284,28.400000000000002
2291,70,34,284,51.12
2292,70,12,274,328.8
2293,70,13,261,13.05
2294,70,29,542,54.2
2295,70,30,789,39.45
2296,70,14,281,22.48
2297,70,15,982,245.5
2298,70,16,281,224.8
2299,70,17,532,585.2
2300,70,19,450,112.5
2301,70,20,450,337.5
2302,70,21,223,22.3
2303,70,22,223,11.15
2304,70,23,1053,789.75
2305,70,32,288,57.6
2306,70,24,247,61.75
2307,70,33,247,56.81
2308,70,25,266,399.0
2309,70,27,266,53.2
2310,70,26,266,53.2
2311,71,1,907,272.09999999999997
2312,71,3,799,1198.5
2313,71,4,461,184.4
2314,71,5,340,170.0
2315,71,31,1937,96.85000000000001
2316,71,28,2044,40.88
2317,71,6,115,23.0
2318,71,2,985,246.25
2319,71,7,340,136.0
2320,71,8,108,81.0
2321,71,10,328,246.0
2322,71,9,113,96.05
2323,71,11,107,10.700000000000001
2324,71,34,107,19.259999999999998
2325,71,12,133,159.6
2326,71,13,127,6.3500000000000005
2327,71,29,219,21.900000000000002
2328,71,30,314,15.700000000000001
2329,71,14,92,7.36
2330,71,15,464,116.0
2331,71,16,117,93.60000000000001
2332,71,17,200,220.00000000000003
2333,71,19,206,51.5
2334,71,20,206,154.5
2335,71,21,103,10.3
2336,71,22,103,5.15
2337,71,23,392,294.0
2338,71,32,97,19.400000000000002
2339,71,24,95,23.75
2340,71,33,95,21.85
2341,71,25,127,190.5
2342,71,27,127,25.400000000000002
2343,71,26,127,25.400000000000002
2344,72,1,1021,306.3
2345,72,3,911,1366.5
2346,72,4,535,214.0
2347,72,5,387,193.5
2348,72,31,2164,108.2
2349,72,28,2311,46.22
2350,72,6,130,26.0
2351,72,2,1171,292.75
2352,72,7,361,144.4
2353,72,8,142,106.5
2354,72,10,391,293.25
2355,72,9,113,96.05
2356,72,11,147,14.700000000000001
2357,72,34,147,26.459999999999997
2358,72,12,131,157.2
2359,72,13,120,6.0
2360,72,29,253,25.3
2361,72,30,370,18.5
2362,72,14,133,10.64
2363,72,15,500,125.0
2364,72,16,124,99.2
2365,72,17,266,292.6
2366,72,19,294,73.5
2367,72,20,294,220.5
2368,72,21,114,11.4
2369,72,22,114,5.7
2370,72,23,552,414.0
2371,72,32,153,30.6
2372,72,24,117,29.25
2373,72,33,117,26.91
2374,72,25,114,171.0
2375,72,27,114,22.8
2376,72,26,114,22.8
2377,73,1,921,276.3
2378,73,3,795,1192.5
2379,73,4,456,182.4
2380,73,5,330,165.0
2381,73,31,1983,99.15
2382,73,28,2086,41.72
2383,73,6,108,21.6
2384,73,2,1003,250.75
2385,73,7,350,140.0
2386,73,8,112,84.0
2387,73,10,353,264.75
2388,73,9,111,94.35
2389,73,11,103,10.3
2390,73,34,103,18.54
2391,73,12,103,123.6
2392,73,13,109,5.45
2393,73,29,217,21.700000000000003
2394,73,30,331,16.55
2395,73,14,108,8.64
2396,73,15,504,126.0
2397,73,16,121,96.80000000000001
2398,73,17,278,305.8
2399,73,19,234,58.5
2400,73,20,234,175.5
2401,73,21,121,12.100000000000001
2402,73,22,121,6.050000000000001
2403,73,23,456,342.0
2404,73,32,112,22.400000000000002
2405,73,24,114,28.5
2406,73,33,114,26.220000000000002
2407,73,25,101,151.5
2408,73,27,101,20.200000000000003
2409,73,26,101,20.200000000000003
2410,74,1,876,262.8
2411,74,3,788,1182.0
2412,74,4,444,177.60000000000002
2413,74,5,317,158.5
2414,74,31,1862,93.10000000000001
2415,74,28,1981,39.62
2416,74,6,115,23.0
2417,74,2,1021,255.25
2418,74,7,314,125.60000000000001
2419,74,8,114,85.5
2420,74,10,335,251.25
2421,74,9,119,101.14999999999999
2422,74,11,119,11.9
2423,74,34,119,21.419999999999998
2424,74,12,106,127.19999999999999
2425,74,13,103,5.15
2426,74,29,226,22.6
2427,74,30,338,16.900000000000002
2428,74,14,123,9.84
2429,74,15,428,107.0
2430,74,16,124,99.2
2431,74,17,196,215.60000000000002
2432,74,19,200,50.0
2433,74,20,200,150.0
2434,74,21,117,11.700000000000001
2435,74,22,117,5.8500000000000005
2436,74,23,427,320.25
2437,74,32,104,20.8
2438,74,24,112,28.0
2439,74,33,112,25.76
2440,74,25,112,168.0
2441,74,27,112,22.400000000000002
2442,74,26,112,22.400000000000002
2443,75,1,890,267.0
2444,75,3,759,1138.5
2445,75,4,431,172.4
2446,75,5,328,164.0
2447,75,31,1778,88.9
2448,75,28,1894,37.88
2449,75,6,110,22.0
2450,75,2,1003,250.75
2451,75,7,356,142.4
2452,75,8,110,82.5
2453,75,10,319,239.25
2454,75,9,103,87.55
2455,75,11,116,11.600000000000001
2456,75,34,116,20.88
2457,75,12,95,114.0
2458,75,13,135,6.75
2459,75,29,240,24.0
2460,75,30,349,17.45
2461,75,14,105,8.4
2462,75,15,392,98.0
2463,75,16,105,84.0
2464,75,17,182,200.20000000000002
2465,75,19,204,51.0
2466,75,20,204,153.0
2467,75,21,86,8.6
2468,75,22,86,4.3
2469,75,23,462,346.5
2470,75,32,126,25.200000000000003
2471,75,24,109,27.25
2472,75,33,109,25.07
2473,75,25,103,154.5
2474,75,27,103,20.6
2475,75,26,103,20.6
2476,76,1,912,273.59999999999997
2477,76,3,772,1158.0
2478,76,4,421,168.4
2479,76,5,334,167.0
2480,76,31,1941,97.05000000000001
2481,76,28,2067,41.34
2482,76,6,112,22.400000000000002
2483,76,2,1098,274.5
2484,76,7,363,145.20000000000002
2485,76,8,134,100.5
2486,76,10,380,285.0
2487,76,9,106,90.1
2488,76,11,126,12.600000000000001
2489,76,34,126,22.68
2490,76,12,124,148.79999999999998
2491,76,13,99,4.95
2492,76,29,219,21.900000000000002
2493,76,30,318,15.9
2494,76,14,120,9.6
2495,76,15,486,121.5
2496,76,16,95,76.0
2497,76,17,212,233.20000000000002
2498,76,19,230,57.5
2499,76,20,230,172.5
2500,76,21,117,11.700000000000001
2501,76,22,117,5.8500000000000005
2502,76,23,428,321.0
2503,76,32,105,21.0
2504,76,24,99,24.75
2505,76,33,99,22.77
2506,76,25,117,175.5
2507,76,27,117,23.400000000000002
2508,76,26,117,23.400000000000002
2509,77,1,764,229.2
2510,77,3,676,1014.0
2511,77,4,386,154.4
2512,77,5,277,138.5
2513,77,31,1649,82.45
2514,77,28,1755,35.1
2515,77,6,82,16.400000000000002
2516,77,2,903,225.75
2517,77,7,286,114.4
2518,77,8,90,67.5
2519,77,10,329,246.75
2520,77,9,84,71.39999999999999
2521,77,11,106,10.600000000000001
2522,77,34,106,19.08
2523,77,12,99,118.8
2524,77,13,94,4.7
2525,77,29,182,18.2
2526,77,30,299,14.950000000000001
2527,77,14,88,7.04
2528,77,15,378,94.5
2529,77,16,93,74.4
2530,77,17,226,248.60000000000002
2531,77,19,172,43.0
2532,77,20,172,129.0
2533,77,21,125,12.5
2534,77,22,125,6.25
2535,77,23,384,288.0
2536,77,32,91,18.2
2537,77,24,117,29.25
2538,77,33,117,26.91
2539,77,25,98,147.0
2540,77,27,98,19.6
2541,77,26,98,19.6
2542,78,1,1020,306.0
2543,78,3,887,1330.5
2544,78,4,513,205.20000000000002
2545,78,5,372,186.0
2546,78,31,2122,106.10000000000001
2547,78,28,2244,44.88
2548,78,6,126,25.200000000000003
2549,78,2,1122,280.5
2550,78,7,391,156.4
2551,78,8,132,99.0
2552,78,10,386,289.5
2553,78,9,110,93.5
2554,78,11,122,12.200000000000001
2555,78,34,122,21.96
2556,78,12,125,150.0
2557,78,13,115,5.75
2558,78,29,252,25.200000000000003
2559,78,30,376,18.8
2560,78,14,137,10.96
2561,78,15,462,115.5
2562,78,16,129,103.2
2563,78,17,218,239.8
2564,78,19,256,64.0
2565,78,20,256,192.0
2566,78,21,123,12.3
2567,78,22,123,6.15
2568,78,23,516,387.0
2569,78,32,135,27.0
2570,78,24,124,31.0
2571,78,33,124,28.52
2572,78,25,131,196.5
2573,78,27,131,26.200000000000003
2574,78,26,131,26.200000000000003
2575,79,1,901,270.3
2576,79,3,819,1228.5
2577,79,4,474,189.60000000000002
2578,79,5,372,186.0
2579,79,31,1877,93.85000000000001
2580,79,28,1989,39.78
2581,79,6,117,23.400000000000002
2582,79,2,982,245.5
2583,79,7,327,130.8
2584,79,8,118,88.5
2585,79,10,316,237.0
2586,79,9,99,84.14999999999999
2587,79,11,112,11.200000000000001
2588,79,34,112,20.16
2589,79,12,99,118.8
2590,79,13,92,4.6000000000000005
2591,79,29,207,20.700000000000003
2592,79,30,314,15.700000000000001
2593,79,14,115,9.200000000000001
2594,79,15,488,122.0
2595,79,16,92,73.60000000000001
2596,79,17,184,202.4
2597,79,19,218,54.5
2598,79,20,218,163.5
2599,79,21,102,10.200000000000001
2600,79,22,102,5.1000000000000005
2601,79,23,415,311.25
2602,79,32,95,19.0
2603,79,24,107,26.75
2604,79,33,107,24.61
2605,79,25,121,181.5
2606,79,27,121,24.200000000000003
2607,79,26,121,24.200000000000003
2608,80,1,958,287.4
2609,80,3,886,1329.0
2610,80,4,505,202.0
2611,80,5,361,180.5
2612,80,31,2031,101.55000000000001
2613,80,28,2160,43.2
2614,80,6,140,28.0
2615,80,2,1106,276.5
2616,80,7,362,144.8
2617,80,8,122,91.5
2618,80,10,367,275.25
2619,80,9,109,92.64999999999999
2620,80,11,129,12.9
2621,80,34,129,23.22
2622,80,12,129,154.79999999999998
2623,80,13,110,5.5
2624,80,29,231,23.1
2625,80,30,356,17.8
2626,80,14,121,9.68
2627,80,15,414,103.5
2628,80,16,114,91.2
2629,80,17,226,248.60000000000002
2630,80,19,220,55.0
2631,80,20,220,165.0
2632,80,21,126,12.600000000000001
2633,80,22,126,6.300000000000001
2634,80,23,451,338.25
2635,80,32,113,22.6
2636,80,24,125,31.25
2637,80,33,125,28.75
2638,80,25,134,201.0
2639,80,27,134,26.8
2640,80,26,134,26.8
2641,81,1,824,247.2
2642,81,3,708,1062.0
2643,81,4,416,166.4
2644,81,5,297,148.5
2645,81,31,1807,90.35000000000001
2646,81,28,1908,38.160000000000004
2647,81,6,103,20.6
2648,81,2,908,227.0
2649,81,7,285,114.0
2650,81,8,100,75.0
2651,81,10,297,222.75
2652,81,9,126,107.1
2653,81,11,101,10.100000000000001
2654,81,34,101,18.18
2655,81,12,99,118.8
2656,81,13,104,5.2
2657,81,29,208,20.8
2658,81,30,317,15.850000000000001
2659,81,14,104,8.32
2660,81,15,434,108.5
2661,81,16,116,92.80000000000001
2662,81,17,250,275.0
2663,81,19,250,62.5
2664,81,20,250,187.5
2665,81,21,94,9.4
2666,81,22,94,4.7
2667,81,23,458,343.5
2668,81,32,122,24.400000000000002
2669,81,24,109,27.25
2670,81,33,109,25.07
2671,81,25,104,156.0
2672,81,27,104,20.8
2673,81,26,104,20.8
2674,82,1,868,260.4
2675,82,3,775,1162.5
2676,82,4,467,186.8
2677,82,5,327,163.5
2678,82,31,1840,92.0
2679,82,28,1939,38.78
2680,82,6,125,25.0
2681,82,2,922,230.5
2682,82,7,326,130.4
2683,82,8,94,70.5
2684,82,10,312,234.0
2685,82,9,106,90.1
2686,82,11,99,9.9
2687,82,34,99,17.82
2688,82,12,130,156.0
2689,82,13,110,5.5
2690,82,29,215,21.5
2691,82,30,336,16.8
2692,82,14,105,8.4
2693,82,15,418,104.5
2694,82,16,97,77.60000000000001
2695,82,17,190,209.00000000000003
2696,82,19,210,52.5
2697,82,20,210,157.5
2698,82,21,99,9.9
2699,82,22,99,4.95
2700,82,23,454,340.5
2701,82,32,116,23.200000000000003
2702,82,24,121,30.25
2703,82,33,121,27.830000000000002
2704,82,25,112,168.0
2705,82,27,112,22.400000000000002
2706,82,26,112,22.400000000000002
2707,83,1,838,251.39999999999998
2708,83,3,734,1101.0
2709,83,4,422,168.8
2710,83,5,325,162.5
2711,83,31,1772,88.60000000000001
2712,83,28,1874,37.480000000000004
2713,83,6,104,20.8
2714,83,2,952,238.0
2715,83,7,316,126.4
2716,83,8,99,74.25
2717,83,10,328,246.0
2718,83,9,105,89.25
2719,83,11,102,10.200000000000001
2720,83,34,102,18.36
2721,83,12,96,115.19999999999999
2722,83,13,79,3.95
2723,83,29,166,16.6
2724,83,30,242,12.100000000000001
2725,83,14,87,6.96
2726,83,15,404,101.0
2727,83,16,94,75.2
2728,83,17,206,226.60000000000002
2729,83,19,206,51.5
2730,83,20,206,154.5
2731,83,21,126,12.600000000000001
2732,83,22,126,6.300000000000001
2733,83,23,394,295.5
2734,83,32,109,21.8
2735,83,24,76,19.0
2736,83,33,76,17.48
2737,83,25,106,159.0
2738,83,27,106,21.200000000000003
2739,83,26,106,21.200000000000003
2740,84,1,1073,321.9
2741,84,3,942,1413.0
2742,84,4,522,208.8
2743,84,5,383,191.5
2744,84,31,2319,115.95
2745,84,28,2439,48.78
2746,84,6,143,28.6
2747,84,2,1192,298.0
2748,84,7,431,172.4
2749,84,8,124,93.0
2750,84,10,405,303.75
2751,84,9,139,118.14999999999999
2752,84,11,120,12.0
2753,84,34,120,21.599999999999998
2754,84,12,141,169.2
2755,84,13,136,6.800000000000001
2756,84,29,282,28.200000000000003
2757,84,30,389,19.450000000000003
2758,84,14,146,11.68
2759,84,15,584,146.0
2760,84,16,159,127.2
2761,84,17,224,246.40000000000003
2762,84,19,232,58.0
2763,84,20,232,174.0
2764,84,21,138,13.8
2765,84,22,138,6.9
2766,84,23,492,369.0
2767,84,32,115,23.0
2768,84,24,107,26.75
2769,84,33,107,24.61
2770,84,25,145,217.5
2771,84,27,145,29.0
2772,84,26,145,29.0
2773,85,1,805,241.5
2774,85,3,723,1084.5
2775,85,4,418,167.20000000000002
2776,85,5,291,145.5
2777,85,31,1734,86.7
2778,85,28,1850,37.0
2779,85,6,109,21.8
2780,85,2,957,239.25
2781,85,7,300,120.0
2782,85,8,101,75.75
2783,85,10,329,246.75
2784,85,9,95,80.75
2785,85,11,116,11.600000000000001
2786,85,34,116,20.88
2787,85,12,99,118.8
2788,85,13,113,5.65
2789,85,29,217,21.700000000000003
2790,85,30,307,15.350000000000001
2791,85,14,104,8.32
2792,85,15,402,100.5
2793,85,16,94,75.2
2794,85,17,248,272.8
2795,85,19,174,43.5
2796,85,20,174,130.5
2797,85,21,113,11.3
2798,85,22,113,5.65
2799,85,23,376,282.0
2800,85,32,86,17.2
2801,85,24,90,22.5
2802,85,33,90,20.7
2803,85,25,102,153.0
2804,85,27,102,20.400000000000002
2805,85,26,102,20.400000000000002
2806,86,1,964,289.2
2807,86,3,856,1284.0
2808,86,4,483,193.20000000000002
2809,86,5,348,174.0
2810,86,31,1992,99.60000000000001
2811,86,28,2114,42.28
2812,86,6,112,22.400000000000002
2813,86,2,1072,268.0
2814,86,7,366,146.4
2815,86,8,106,79.5
2816,86,10,354,265.5
2817,86,9,121,102.85
2818,86,11,122,12.200000000000001
2819,86,34,122,21.96
2820,86,12,128,153.6
2821,86,13,108,5.4
2822,86,29,240,24.0
2823,86,30,359,17.95
2824,86,14,132,10.56
2825,86,15,476,119.0
2826,86,16,119,95.2
2827,86,17,210,231.00000000000003
2828,86,19,200,50.0
2829,86,20,200,150.0
2830,86,21,113,11.3
2831,86,22,113,5.65
2832,86,23,477,357.75
2833,86,32,114,22.8
2834,86,24,119,29.75
2835,86,33,119,27.37
2836,86,25,113,169.5
2837,86,27,113,22.6
2838,86,26,113,22.6
2839,87,1,846,253.79999999999998
2840,87,3,760,1140.0
2841,87,4,416,166.4
2842,87,5,315,157.5
2843,87,31,1750,87.5
2844,87,28,1847,36.94
2845,87,6,109,21.8
2846,87,2,941,235.25
2847,87,7,344,137.6
2848,87,8,98,73.5
2849,87,10,319,239.25
2850,87,9,97,82.45
2851,87,11,97,9.700000000000001
2852,87,34,97,17.46
2853,87,12,85,102.0
2854,87,13,108,5.4
2855,87,29,215,21.5
2856,87,30,318,15.9
2857,87,14,107,8.56
2858,87,15,362,90.5
2859,87,16,112,89.60000000000001
2860,87,17,210,231.00000000000003
2861,87,19,174,43.5
2862,87,20,174,130.5
2863,87,21,111,11.100000000000001
2864,87,22,111,5.550000000000001
2865,87,23,397,297.75
2866,87,32,104,20.8
2867,87,24,103,25.75
2868,87,33,103,23.69
2869,87,25,114,171.0
2870,87,27,114,22.8
2871,87,26,114,22.8
2872,88,1,946,283.8
2873,88,3,842,1263.0
2874,88,4,488,195.20000000000002
2875,88,5,362,181.0
2876,88,31,2046,102.30000000000001
2877,88,28,2163,43.26
2878,88,6,119,23.8
2879,88,2,1055,263.75
2880,88,7,336,134.4
2881,88,8,113,84.75
2882,88,10,351,263.25
2883,88,9,128,108.8
2884,88,11,117,11.700000000000001
2885,88,34,117,21.06
2886,88,12,123,147.6
2887,88,13,95,4.75
2888,88,29,202,20.200000000000003
2889,88,30,319,15.950000000000001
2890,88,14,107,8.56
2891,88,15,462,115.5
2892,88,16,134,107.2
2893,88,17,234,257.40000000000003
2894,88,19,270,67.5
2895,88,20,270,202.5
2896,88,21,127,12.700000000000001
2897,88,22,127,6.3500000000000005
2898,88,23,437,327.75
2899,88,32,108,21.6
2900,88,24,117,29.25
2901,88,33,117,26.91
2902,88,25,114,171.0
2903,88,27,114,22.8
2904,88,26,114,22.8
2905,89,1,911,273.3
2906,89,3,806,1209.0
2907,89,4,456,182.4
2908,89,5,334,167.0
2909,89,31,1865,93.25
2910,89,28,1984,39.68
2911,89,6,109,21.8
2912,89,2,1025,256.25
2913,89,7,354,141.6
2914,89,8,109,81.75
2915,89,10,341,255.75
2916,89,9,101,85.85
2917,89,11,119,11.9
2918,89,34,119,21.419999999999998
2919,89,12,92,110.39999999999999
2920,89,13,109,5.45
2921,89,29,212,21.200000000000003
2922,89,30,311,15.55
2923,89,14,103,8.24
2924,89,15,410,102.5
2925,89,16,110,88.0
2926,89,17,238,261.8
2927,89,19,224,56.0
2928,89,20,224,168.0
2929,89,21,104,10.4
2930,89,22,104,5.2
2931,89,23,389,291.75
2932,89,32,101,20.200000000000003
2933,89,24,99,24.75
2934,89,33,99,22.77
2935,89,25,103,154.5
2936,89,27,103,20.6
2937,89,26,103,20.6
2938,90,1,1013,303.9
2939,90,3,864,1296.0
2940,90,4,488,195.20000000000002
2941,90,5,390,195.0
2942,90,31,2181,109.05000000000001
2943,90,28,2304,46.08
2944,90,6,130,26.0
2945,90,2,1141,285.25
2946,90,7,373,149.20000000000002
2947,90,8,145,108.75
2948,90,10,361,270.75
2949,90,9,137,116.45
2950,90,11,123,12.3
2951,90,34,123,22.14
2952,90,12,110,132.0
2953,90,13,141,7.050000000000001
2954,90,29,253,25.3
2955,90,30,371,18.55
2956,90,14,112,8.96
2957,90,15,524,131.0
2958,90,16,144,115.2
2959,90,17,260,286.0
2960,90,19,304,76.0
2961,90,20,304,228.0
2962,90,21,117,11.700000000000001
2963,90,22,117,5.8500000000000005
2964,90,23,526,394.5
2965,90,32,140,28.0
2966,90,24,118,29.5
2967,90,33,118,27.14
2968,90,25,123,184.5
2969,90,27,123,24.6
2970,90,26,123,24.6
2971,91,1,796,238.79999999999998
2972,91,3,688,1032.0
2973,91,4,415,166.0
2974,91,5,312,156.0
2975,91,31,1701,85.05000000000001
2976,91,28,1793,35.86
2977,91,6,92,18.400000000000002
2978,91,2,861,215.25
2979,91,7,276,110.4
2980,91,8,105,78.75
2981,91,10,300,225.0
2982,91,9,92,78.2
2983,91,11,92,9.200000000000001
2984,91,34,92,16.56
2985,91,12,86,103.2
2986,91,13,101,5.050000000000001
2987,91,29,197,19.700000000000003
2988,91,30,291,14.55
2989,91,14,96,7.68
2990,91,15,388,97.0
2991,91,16,109,87.2
2992,91,17,200,220.00000000000003
2993,91,19,254,63.5
2994,91,20,254,190.5
2995,91,21,112,11.200000000000001
2996,91,22,112,5.6000000000000005
2997,91,23,412,309.0
2998,91,32,104,20.8
2999,91,24,94,23.5
3000,91,33,94,21.62
3001,91,25,85,127.5
3002,91,27,85,17.0
3003,91,26,85,17.0
3004,92,1,857,257.09999999999997
3005,92,3,760,1140.0
3006,92,4,438,175.20000000000002
3007,92,5,305,152.5
3008,92,31,1826,91.30000000000001
3009,92,28,1927,38.54
3010,92,6,115,23.0
3011,92,2,951,237.75
3012,92,7,329,131.6
3013,92,8,98,73.5
3014,92,10,334,250.5
3015,92,9,107,90.95
3016,92,11,101,10.100000000000001
3017,92,34,101,18.18
3018,92,12,97,116.39999999999999
3019,92,13,100,5.0
3020,92,29,220,22.0
3021,92,30,320,16.0
3022,92,14,120,9.6
3023,92,15,454,113.5
3024,92,16,97,77.60000000000001
3025,92,17,220,242.00000000000003
3026,92,19,200,50.0
3027,92,20,200,150.0
3028,92,21,114,11.4
3029,92,22,114,5.7
3030,92,23,407,305.25
3031,92,32,95,19.0
3032,92,24,100,25.0
3033,92,33,100,23.0
3034,92,25,109,163.5
3035,92,27,109,21.8
3036,92,26,109,21.8
3037,93,1,895,268.5
3038,93,3,768,1152.0
3039,93,4,421,168.4
3040,93,5,324,162.0
3041,93,31,1834,91.7
3042,93,28,1938,38.76
3043,93,6,87,17.400000000000002
3044,93,2,970,242.5
3045,93,7,338,135.20000000000002
3046,93,8,106,79.5
3047,93,10,319,239.25
3048,93,9,117,99.45
3049,93,11,104,10.4
3050,93,34,104,18.72
3051,93,12,122,146.4
3052,93,13,119,5.95
3053,93,29,215,21.5
3054,93,30,315,15.75
3055,93,14,96,7.68
3056,93,15,444,111.0
3057,93,16,102,81.60000000000001
3058,93,17,176,193.60000000000002
3059,93,19,202,50.5
3060,93,20,202,151.5
3061,93,21,97,9.700000000000001
3062,93,22,97,4.8500000000000005
3063,93,23,431,323.25
3064,93,32,108,21.6
3065,93,24,100,25.0
3066,93,33,100,23.0
3067,93,25,120,180.0
3068,93,27,120,24.0
3069,93,26,120,24.0
3070,94,1,892,267.59999999999997
3071,94,3,749,1123.5
3072,94,4,415,166.0
3073,94,5,344,172.0
3074,94,31,1843,92.15
3075,94,28,1935,38.7
3076,94,6,100,20.0
3077,94,2,964,241.0
3078,94,7,342,136.8
3079,94,8,126,94.5
3080,94,10,317,237.75
3081,94,9,109,92.64999999999999
3082,94,11,92,9.200000000000001
3083,94,34,92,16.56
3084,94,12,109,130.79999999999998
3085,94,13,125,6.25
3086,94,29,237,23.700000000000003
3087,94,30,353,17.650000000000002
3088,94,14,112,8.96
3089,94,15,418,104.5
3090,94,16,111,88.80000000000001
3091,94,17,208,228.8
3092,94,19,210,52.5
3093,94,20,210,157.5
3094,94,21,111,11.100000000000001
3095,94,22,111,5.550000000000001
3096,94,23,448,336.0
3097,94,32,108,21.6
3098,94,24,116,29.0
3099,94,33,116,26.68
3100,94,25,102,153.0
3101,94,27,102,20.400000000000002
3102,94,26,102,20.400000000000002
3103,95,1,964,289.2
3104,95,3,860,1290.0
3105,95,4,504,201.60000000000002
3106,95,5,341,170.5
3107,95,31,2061,103.05000000000001
3108,95,28,2193,43.86
3109,95,6,121,24.200000000000003
3110,95,2,1091,272.75
3111,95,7,326,130.4
3112,95,8,112,84.0
3113,95,10,348,261.0
3114,95,9,143,121.55
3115,95,11,132,13.200000000000001
3116,95,34,132,23.759999999999998
3117,95,12,123,147.6
3118,95,13,121,6.050000000000001
3119,95,29,228,22.8
3120,95,30,354,17.7
3121,95,14,107,8.56
3122,95,15,516,129.0
3123,95,16,111,88.80000000000001
3124,95,17,280,308.0
3125,95,19,198,49.5
3126,95,20,198,148.5
3127,95,21,114,11.4
3128,95,22,114,5.7
3129,95,23,476,357.0
3130,95,32,111,22.200000000000003
3131,95,24,126,31.5
3132,95,33,126,28.98
3133,95,25,131,196.5
3134,95,27,131,26.200000000000003
3135,95,26,131,26.200000000000003
3136,96,1,1137,341.09999999999997
3137,96,3,977,1465.5
3138,96,4,566,226.4
3139,96,5,442,221.0
3140,96,31,2406,120.30000000000001
3141,96,28,2550,51.0
3142,96,6,125,25.0
3143,96,2,1270,317.5
3144,96,7,422,168.8
3145,96,8,142,106.5
3146,96,10,431,323.25
3147,96,9,132,112.2
3148,96,11,144,14.4
3149,96,34,144,25.919999999999998
3150,96,12,155,186.0
3151,96,13,145,7.25
3152,96,29,289,28.900000000000002
3153,96,30,426,21.3
3154,96,14,144,11.52
3155,96,15,552,138.0
3156,96,16,129,103.2
3157,96,17,262,288.20000000000005
3158,96,19,334,83.5
3159,96,20,334,250.5
3160,96,21,142,14.200000000000001
3161,96,22,142,7.1000000000000005
3162,96,23,542,406.5
3163,96,32,131,26.200000000000003
3164,96,24,137,34.25
3165,96,33,137,31.51
3166,96,25,144,216.0
3167,96,27,144,28.8
3168,96,26,144,28.8
3169,97,1,734,220.2
3170,97,3,647,970.5
3171,97,4,371,148.4
3172,97,5,281,140.5
3173,97,31,1558,77.9
3174,97,28,1661,33.22
3175,97,6,87,17.400000000000002
3176,97,2,854,213.5
3177,97,7,264,105.60000000000001
3178,97,8,97,72.75
3179,97,10,279,209.25
3180,97,9,89,75.64999999999999
3181,97,11,103,10.3
3182,97,34,103,18.54
3183,97,12,104,124.8
3184,97,13,114,5.7
3185,97,29,224,22.400000000000002
3186,97,30,338,16.900000000000002
3187,97,14,110,8.8
3188,97,15,372,93.0
3189,97,16,97,77.60000000000001
3190,97,17,168,184.8
3191,97,19,182,45.5
3192,97,20,182,136.5
3193,97,21,95,9.5
3194,97,22,95,4.75
3195,97,23,383,287.25
3196,97,32,86,17.2
3197,97,24,114,28.5
3198,97,33,114,26.220000000000002
3199,97,25,80,120.0
3200,97,27,80,16.0
3201,97,26,80,16.0
3202,98,1,982,294.59999999999997
3203,98,3,848,1272.0
3204,98,4,494,197.60000000000002
3205,98,5,334,167.0
3206,98,31,2050,102.5
3207,98,28,2157,43.14
3208,98,6,120,24.0
3209,98,2,1052,263.0
3210,98,7,359,143.6
3211,98,8,129,96.75
3212,98,10,364,273.0
3213,98,9,120,102.0
3214,98,11,107,10.700000000000001
3215,98,34,107,19.259999999999998
3216,98,12,118,141.6
3217,98,13,108,5.4
3218,98,29,230,23.0
3219,98,30,359,17.95
3220,98,14,122,9.76
3221,98,15,506,126.5
3222,98,16,117,93.60000000000001
3223,98,17,206,226.60000000000002
3224,98,19,242,60.5
3225,98,20,242,181.5
3226,98,21,123,12.3
3227,98,22,123,6.15
3228,98,23,505,378.75
3229,98,32,122,24.400000000000002
3230,98,24,129,32.25
3231,98,33,129,29.67
3232,98,25,113,169.5
3233,98,27,113,22.6
3234,98,26,113,22.6
3235,99,1,920,276.0
3236,99,3,830,1245.0
3237,99,4,473,189.20000000000002
3238,99,5,330,165.0
3239,99,31,1968,98.4
3240,99,28,2076,41.52
3241,99,6,122,24.400000000000002
3242,99,2,1008,252.0
3243,99,7,358,143.20000000000002
3244,99,8,107,80.25
3245,99,10,342,256.5
3246,99,9,104,88.39999999999999
3247,99,11,108,10.8
3248,99,34,108,19.439999999999998
3249,99,12,116,139.2
3250,99,13,96,4.800000000000001
3251,99,29,216,21.6
3252,99,30,334,16.7
3253,99,14,120,9.6
3254,99,15,448,112.0
3255,99,16,112,89.60000000000001
3256,99,17,216,237.60000000000002
3257,99,19,230,57.5
3258,99,20,230,172.5
3259,99,21,115,11.5
3260,99,22,115,5.75
3261,99,23,473,354.75
3262,99,32,121,24.200000000000003
3263,99,24,118,29.5
3264,99,33,118,27.14
3265,99,25,136,204.0
3266,99,27,136,27.200000000000003
3267,99,26,136,27.200000000000003
3268,100,1,953,285.9
3269,100,3,819,1228.5
3270,100,4,484,193.60000000000002
3271,100,5,354,177.0
3272,100,31,2033,101.65
3273,100,28,2173,43.46
3274,100,6,126,25.200000000000003
3275,100,2,1107,276.75
3276,100,7,362,144.8
3277,100,8,113,84.75
3278,100,10,374,280.5
3279,100,9,120,102.0
3280,100,11,140,14.0
3281,100,34,140,25.2
3282,100,12,121,145.2
3283,100,13,122,6.1000000000000005
3284,100,29,244,24.400000000000002
3285,100,30,356,17.8
3286,100,14,122,9.76
3287,100,15,500,125.0
3288,100,16,122,97.60000000000001
3289,100,17,238,261.8
3290,100,19,246,61.5
3291,100,20,246,184.5
3292,100,21,92,9.200000000000001
3293,100,22,92,4.6000000000000005
3294,100,23,457,342.75
3295,100,32,110,22.0
3296,100,24,112,28.0
3297,100,33,112,25.76
3298,100,25,127,190.5
3299,100,27,127,25.400000000000002
3300,100,26,127,25.400000000000002
3301,101,1,827,248.1
3302,101,3,706,1059.0
3303,101,4,406,162.4
3304,101,5,285,142.5
3305,101,31,1618,80.9
3306,101,28,1721,34.42
3307,101,6,82,16.400000000000002
3308,101,2,903,225.75
3309,101,7,313,125.2
3310,101,8,86,64.5
3311,101,10,318,238.5
3312,101,9,104,88.39999999999999
3313,101,11,103,10.3
3314,101,34,103,18.54
3315,101,12,92,110.39999999999999
3316,101,13,112,5.6000000000000005
3317,101,29,194,19.400000000000002
3318,101,30,313,15.65
3319,101,14,82,6.5600000000000005
3320,101,15,322,80.5
3321,101,16,96,76.80000000000001
3322,101,17,212,233.20000000000002
3323,101,19,162,40.5
3324,101,20,162,121.5
3325,101,21,91,9.1
3326,101,22,91,4.55
3327,101,23,404,303.0
3328,101,32,101,20.200000000000003
3329,101,24,119,29.75
3330,101,33,119,27.37
3331,101,25,82,123.0
3332,101,27,82,16.400000000000002
3333,101,26,82,16.400000000000002
3334,102,1,1036,310.8
3335,102,3,884,1326.0
3336,102,4,505,202.0
3337,102,5,397,198.5
3338,102,31,2191,109.55000000000001
3339,102,28,2316,46.32
3340,102,6,106,21.200000000000003
3341,102,2,1134,283.5
3342,102,7,370,148.0
3343,102,8,131,98.25
3344,102,10,363,272.25
3345,102,9,136,115.6
3346,102,11,125,12.5
3347,102,34,125,22.5
3348,102,12,126,151.2
3349,102,13,127,6.3500000000000005
3350,102,29,256,25.6
3351,102,30,396,19.8
3352,102,14,129,10.32
3353,102,15,518,129.5
3354,102,16,138,110.4
3355,102,17,284,312.40000000000003
3356,102,19,276,69.0
3357,102,20,276,207.0
3358,102,21,122,12.200000000000001
3359,102,22,122,6.1000000000000005
3360,102,23,534,400.5
3361,102,32,131,26.200000000000003
3362,102,24,140,35.0
3363,102,33,140,32.2
3364,102,25,124,186.0
3365,102,27,124,24.8
3366,102,26,124,24.8
3367,103,1,861,258.3
3368,103,3,760,1140.0
3369,103,4,435,174.0
3370,103,5,335,167.5
3371,103,31,1844,92.2
3372,103,28,1983,39.660000000000004
3373,103,6,112,22.400000000000002
3374,103,2,1055,263.75
3375,103,7,325,130.0
3376,103,8,105,78.75
3377,103,10,337,252.75
3378,103,9,108,91.8
3379,103,11,139,13.9
3380,103,34,139,25.02
3381,103,12,111,133.2
3382,103,13,126,6.300000000000001
3383,103,29,235,23.5
3384,103,30,325,16.25
3385,103,14,109,8.72
3386,103,15,482,120.5
3387,103,16,108,86.4
3388,103,17,226,248.60000000000002
3389,103,19,194,48.5
3390,103,20,194,145.5
3391,103,21,100,10.0
3392,103,22,100,5.0
3393,103,23,442,331.5
3394,103,32,116,23.200000000000003
3395,103,24,90,22.5
3396,103,33,90,20.7
3397,103,25,101,151.5
3398,103,27,101,20.200000000000003
3399,103,26,101,20.200000000000003
3400,104,1,923,276.9
3401,104,3,754,1131.0
3402,104,4,409,163.60000000000002
3403,104,5,334,167.0
3404,104,31,1979,98.95
3405,104,28,2097,41.94
3406,104,6,91,18.2
3407,104,2,1075,268.75
3408,104,7,343,137.20000000000002
3409,104,8,132,99.0
3410,104,10,344,258.0
3411,104,9,130,110.5
3412,104,11,118,11.8
3413,104,34,118,21.24
3414,104,12,125,150.0
3415,104,13,120,6.0
3416,104,29,246,24.6
3417,104,30,361,18.05
3418,104,14,126,10.08
3419,104,15,510,127.5
3420,104,16,120,96.0
3421,104,17,238,261.8
3422,104,19,218,54.5
3423,104,20,218,163.5
3424,104,21,116,11.600000000000001
3425,104,22,116,5.800000000000001
3426,104,23,504,378.0
3427,104,32,130,26.0
3428,104,24,115,28.75
3429,104,33,115,26.450000000000003
3430,104,25,121,181.5
3431,104,27,121,24.200000000000003
3432,104,26,121,24.200000000000003
3433,105,1,922,276.59999999999997
3434,105,3,856,1284.0
3435,105,4,498,199.20000000000002
3436,105,5,344,172.0
3437,105,31,1940,97.0
3438,105,28,2062,41.24
3439,105,6,119,23.8
3440,105,2,1010,252.5
3441,105,7,335,134.0
3442,105,8,97,72.75
3443,105,10,333,249.75
3444,105,9,111,94.35
3445,105,11,122,12.200000000000001
3446,105,34,122,21.96
3447,105,12,106,127.19999999999999
3448,105,13,131,6.550000000000001
3449,105,29,229,22.900000000000002
3450,105,30,357,17.85
3451,105,14,98,7.84
3452,105,15,454,113.5
3453,105,16,119,95.2
3454,105,17,238,261.8
3455,105,19,218,54.5
3456,105,20,218,163.5
3457,105,21,101,10.100000000000001
3458,105,22,101,5.050000000000001
3459,105,23,462,346.5
3460,105,32,115,23.0
3461,105,24,128,32.0
3462,105,33,128,29.44
3463,105,25,118,177.0
3464,105,27,118,23.6
3465,105,26,118,23.6
3466,106,1,983,294.9
3467,106,3,873,1309.5
3468,106,4,480,192.0
3469,106,5,356,178.0
3470,106,31,2061,103.05000000000001
3471,106,28,2182,43.64
3472,106,6,113,22.6
3473,106,2,1108,277.0
3474,106,7,373,149.20000000000002
3475,106,8,119,89.25
3476,106,10,374,280.5
3477,106,9,124,105.39999999999999
3478,106,11,121,12.100000000000001
3479,106,34,121,21.779999999999998
3480,106,12,127,152.4
3481,106,13,107,5.3500000000000005
3482,106,29,213,21.3
3483,106,30,323,16.150000000000002
3484,106,14,106,8.48
3485,106,15,496,124.0
3486,106,16,119,95.2
3487,106,17,250,275.0
3488,106,19,230,57.5
3489,106,20,230,172.5
3490,106,21,129,12.9
3491,106,22,129,6.45
3492,106,23,472,354.0
3493,106,32,120,24.0
3494,106,24,110,27.5
3495,106,33,110,25.3
3496,106,25,102,153.0
3497,106,27,102,20.400000000000002
3498,106,26,102,20.400000000000002
3499,107,1,847,254.1
3500,107,3,755,1132.5
3501,107,4,431,172.4
3502,107,5,316,158.0
3503,107,31,1789,89.45
3504,107,28,1901,38.02
3505,107,6,105,21.0
3506,107,2,961,240.25
3507,107,7,314,125.60000000000001
3508,107,8,112,84.0
3509,107,10,315,236.25
3510,107,9,95,80.75
3511,107,11,112,11.200000000000001
3512,107,34,112,20.16
3513,107,12,106,127.19999999999999
3514,107,13,96,4.800000000000001
3515,107,29,195,19.5
3516,107,30,312,15.600000000000001
3517,107,14,99,7.92
3518,107,15,380,95.0
3519,107,16,116,92.80000000000001
3520,107,17,228,250.8
3521,107,19,198,49.5
3522,107,20,198,148.5
3523,107,21,104,10.4
3524,107,22,104,5.2
3525,107,23,418,313.5
3526,107,32,102,20.400000000000002
3527,107,24,117,29.25
3528,107,33,117,26.91
3529,107,25,108,162.0
3530,107,27,108,21.6
3531,107,26,108,21.6
3532,108,1,886,265.8
3533,108,3,824,1236.0
3534,108,4,464,185.60000000000002
3535,108,5,343,171.5
3536,108,31,1868,93.4
3537,108,28,1968,39.36
3538,108,6,120,24.0
3539,108,2,956,239.0
3540,108,7,341,136.4
3541,108,8,118,88.5
3542,108,10,311,233.25
3543,108,9,83,70.55
3544,108,11,100,10.0
3545,108,34,100,18.0
3546,108,12,114,136.79999999999998
3547,108,13,117,5.8500000000000005
3548,108,29,255,25.5
3549,108,30,375,18.75
3550,108,14,138,11.040000000000001
3551,108,15,404,101.0
3552,108,16,99,79.2
3553,108,17,216,237.60000000000002
3554,108,19,234,58.5
3555,108,20,234,175.5
3556,108,21,114,11.4
3557,108,22,114,5.7
3558,108,23,406,304.5
3559,108,32,89,17.8
3560,108,24,120,30.0
3561,108,33,120,27.6
3562,108,25,108,162.0
3563,108,27,108,21.6
3564,108,26,108,21.6
3565,109,1,803,240.89999999999998
3566,109,3,673,1009.5
3567,109,4,379,151.6
3568,109,5,323,161.5
3569,109,31,1737,86.85000000000001
3570,109,28,1840,36.800000000000004
3571,109,6,100,20.0
3572,109,2,953,238.25
3573,109,7,306,122.4
3574,109,8,108,81.0
3575,109,10,324,243.0
3576,109,9,110,93.5
3577,109,11,103,10.3
3578,109,34,103,18.54
3579,109,12,105,126.0
3580,109,13,97,4.8500000000000005
3581,109,29,186,18.6
3582,109,30,293,14.65
3583,109,14,89,7.12
3584,109,15,376,94.0
3585,109,16,93,74.4
3586,109,17,218,239.8
3587,109,19,224,56.0
3588,109,20,224,168.0
3589,109,21,120,12.0
3590,109,22,120,6.0
3591,109,23,379,284.25
3592,109,32,83,16.6
3593,109,24,107,26.75
3594,109,33,107,24.61
3595,109,25,107,160.5
3596,109,27,107,21.400000000000002
3597,109,26,107,21.400000000000002
3598,110,1,986,295.8
3599,110,3,878,1317.0
3600,110,4,503,201.20000000000002
3601,110,5,384,192.0
3602,110,31,2060,103.0
3603,110,28,2189,43.78
3604,110,6,120,24.0
3605,110,2,1100,275.0
3606,110,7,367,146.8
3607,110,8,128,96.0
3608,110,10,357,267.75
3609,110,9,108,91.8
3610,110,11,129,12.9
3611,110,34,129,23.22
3612,110,12,138,165.6
3613,110,13,127,6.3500000000000005
3614,110,29,255,25.5
3615,110,30,388,19.400000000000002
3616,110,14,128,10.24
3617,110,15,416,104.0
3618,110,16,138,110.4
3619,110,17,254,279.40000000000003
3620,110,19,232,58.0
3621,110,20,232,174.0
3622,110,21,110,11.0
3623,110,22,110,5.5
3624,110,23,442,331.5
3625,110,32,107,21.400000000000002
3626,110,24,133,33.25
3627,110,33,133,30.59
3628,110,25,117,175.5
3629,110,27,117,23.400000000000002
3630,110,26,117,23.400000000000002
3631,111,1,1313,393.9
3632,111,3,1105,1657.5
3633,111,4,641,256.40000000000003
3634,111,5,474,237.0
3635,111,31,2856,142.8
3636,111,28,3019,60.38
3637,111,6,180,36.0
3638,111,2,1529,382.25
3639,111,7,504,201.60000000000002
3640,111,8,182,136.5
3641,111,10,540,405.0
3642,111,9,166,141.1
3643,111,11,163,16.3
3644,111,34,163,29.34
3645,111,12,156,187.2
3646,111,13,167,8.35
3647,111,29,330,33.0
3648,111,30,502,25.1
3649,111,14,163,13.040000000000001
3650,111,15,668,167.0
3651,111,16,169,135.20000000000002
3652,111,17,350,385.00000000000006
3653,111,19,326,81.5
3654,111,20,326,244.5
3655,111,21,188,18.8
3656,111,22,188,9.4
3657,111,23,667,500.25
3658,111,32,162,32.4
3659,111,24,172,43.0
3660,111,33,172,39.56
3661,111,25,178,267.0
3662,111,27,178,35.6
3663,111,26,178,35.6
3664,112,1,896,268.8
3665,112,3,814,1221.0
3666,112,4,469,187.60000000000002
3667,112,5,341,170.5
3668,112,31,1972,98.60000000000001
3669,112,28,2091,41.82
3670,112,6,117,23.400000000000002
3671,112,2,1017,254.25
3672,112,7,344,137.6
3673,112,8,103,77.25
3674,112,10,349,261.75
3675,112,9,97,82.45
3676,112,11,119,11.9
3677,112,34,119,21.419999999999998
3678,112,12,109,130.79999999999998
3679,112,13,114,5.7
3680,112,29,227,22.700000000000003
3681,112,30,350,17.5
3682,112,14,113,9.040000000000001
3683,112,15,484,121.0
3684,112,16,136,108.80000000000001
3685,112,17,228,250.8
3686,112,19,240,60.0
3687,112,20,240,180.0
3688,112,21,116,11.600000000000001
3689,112,22,116,5.800000000000001
3690,112,23,475,356.25
3691,112,32,112,22.400000000000002
3692,112,24,123,30.75
3693,112,33,123,28.290000000000003
3694,112,25,122,183.0
3695,112,27,122,24.400000000000002
3696,112,26,122,24.400000000000002
3697,113,1,900,270.0
3698,113,3,820,1230.0
3699,113,4,458,183.20000000000002
3700,113,5,363,181.5
3701,113,31,1926,96.30000000000001
3702,113,28,2035,40.7
3703,113,6,114,22.8
3704,113,2,990,247.5
3705,113,7,346,138.4
3706,113,8,111,83.25
3707,113,10,320,240.0
3708,113,9,99,84.14999999999999
3709,113,11,109,10.9
3710,113,34,109,19.62
3711,113,12,118,141.6
3712,113,13,118,5.9
3713,113,29,228,22.8
3714,113,30,339,16.95
3715,113,14,110,8.8
3716,113,15,430,107.5
3717,113,16,127,101.60000000000001
3718,113,17,230,253.00000000000003
3719,113,19,260,65.0
3720,113,20,260,195.0
3721,113,21,107,10.700000000000001
3722,113,22,107,5.3500000000000005
3723,113,23,423,317.25
3724,113,32,107,21.400000000000002
3725,113,24,111,27.75
3726,113,33,111,25.53
3727,113,25,100,150.0
3728,113,27,100,20.0
3729,113,26,100,20.0
3730,114,1,1046,313.8
3731,114,3,945,1417.5
3732,114,4,529,211.60000000000002
3733,114,5,388,194.0
3734,114,31,2261,113.05000000000001
3735,114,28,2382,47.64
3736,114,6,142,28.400000000000002
3737,114,2,1145,286.25
3738,114,7,400,160.0
3739,114,8,129,96.75
3740,114,10,367,275.25
3741,114,9,130,110.5
3742,114,11,121,12.100000000000001
3743,114,34,121,21.779999999999998
3744,114,12,138,165.6
3745,114,13,136,6.800000000000001
3746,114,29,263,26.3
3747,114,30,400,20.0
3748,114,14,127,10.16
3749,114,15,556,139.0
3750,114,16,165,132.0
3751,114,17,274,301.40000000000003
3752,114,19,220,55.0
3753,114,20,220,165.0
3754,114,21,123,12.3
3755,114,22,123,6.15
3756,114,23,592,444.0
3757,114,32,150,30.0
3758,114,24,137,34.25
3759,114,33,137,31.51
3760,114,25,122,183.0
3761,114,27,122,24.400000000000002
3762,114,26,122,24.400000000000002
3763,115,1,886,265.8
3764,115,3,805,1207.5
3765,115,4,458,183.20000000000002
3766,115,5,322,161.0
3767,115,31,1812,90.60000000000001
3768,115,28,1918,38.36
3769,115,6,110,22.0
3770,115,2,958,239.5
3771,115,7,318,127.2
3772,115,8,112,84.0
3773,115,10,312,234.0
3774,115,9,108,91.8
3775,115,11,106,10.600000000000001
3776,115,34,106,19.08
3777,115,12,108,129.6
3778,115,13,104,5.2
3779,115,29,210,21.0
3780,115,30,327,16.35
3781,115,14,106,8.48
3782,115,15,416,104.0
3783,115,16,95,76.0
3784,115,17,196,215.60000000000002
3785,115,19,192,48.0
3786,115,20,192,144.0
3787,115,21,102,10.200000000000001
3788,115,22,102,5.1000000000000005
3789,115,23,432,324.0
3790,115,32,108,21.6
3791,115,24,117,29.25
3792,115,33,117,26.91
3793,115,25,109,163.5
3794,115,27,109,21.8
3795,115,26,109,21.8
3796,116,1,953,285.9
3797,116,3,830,1245.0
3798,116,4,467,186.8
3799,116,5,348,174.0
3800,116,31,2095,104.75
3801,116,28,2190,43.800000000000004
3802,116,6,119,23.8
3803,116,2,1012,253.0
3804,116,7,369,147.6
3805,116,8,125,93.75
3806,116,10,341,255.75
3807,116,9,111,94.35
3808,116,11,95,9.5
3809,116,34,95,17.099999999999998
3810,116,12,131,157.2
3811,116,13,140,7.0
3812,116,29,252,25.200000000000003
3813,116,30,373,18.650000000000002
3814,116,14,112,8.96
3815,116,15,526,131.5
3816,116,16,135,108.0
3817,116,17,240,264.0
3818,116,19,250,62.5
3819,116,20,250,187.5
3820,116,21,122,12.200000000000001
3821,116,22,122,6.1000000000000005
3822,116,23,511,383.25
3823,116,32,130,26.0
3824,116,24,121,30.25
3825,116,33,121,27.830000000000002
3826,116,25,127,190.5
3827,116,27,127,25.400000000000002
3828,116,26,127,25.400000000000002
3829,117,1,702,210.6
3830,117,3,619,928.5
3831,117,4,342,136.8
3832,117,5,259,129.5
3833,117,31,1482,74.10000000000001
3834,117,28,1569,31.38
3835,117,6,89,17.8
3836,117,2,793,198.25
3837,117,7,271,108.4
3838,117,8,83,62.25
3839,117,10,262,196.5
3840,117,9,95,80.75
3841,117,11,87,8.700000000000001
3842,117,34,87,15.66
3843,117,12,73,87.6
3844,117,13,91,4.55
3845,117,29,172,17.2
3846,117,30,263,13.15
3847,117,14,81,6.48
3848,117,15,378,94.5
3849,117,16,82,65.60000000000001
3850,117,17,176,193.60000000000002
3851,117,19,164,41.0
3852,117,20,164,123.0
3853,117,21,83,8.3
3854,117,22,83,4.15
3855,117,23,343,257.25
3856,117,32,76,15.200000000000001
3857,117,24,91,22.75
3858,117,33,91,20.93
3859,117,25,94,141.0
3860,117,27,94,18.8
3861,117,26,94,18.8
3862,118,1,1079,323.7
3863,118,3,931,1396.5
3864,118,4,525,210.0
3865,118,5,404,202.0
3866,118,31,2256,112.80000000000001
3867,118,28,2373,47.46
3868,118,6,124,24.8
3869,118,2,1157,289.25
3870,118,7,416,166.4
3871,118,8,130,97.5
3872,118,10,384,288.0
3873,118,9,132,112.2
3874,118,11,117,11.700000000000001
3875,118,34,117,21.06
3876,118,12,140,168.0
3877,118,13,134,6.7
3878,118,29,287,28.700000000000003
3879,118,30,405,20.25
3880,118,14,153,12.24
3881,118,15,546,136.5
3882,118,16,150,120.0
3883,118,17,238,261.8
3884,118,19,220,55.0
3885,118,20,220,165.0
3886,118,21,128,12.8
3887,118,22,128,6.4
3888,118,23,544,408.0
3889,118,32,134,26.8
3890,118,24,118,29.5
3891,118,33,118,27.14
3892,118,25,133,199.5
3893,118,27,133,26.6
3894,118,26,133,26.6
3895,119,1,765,229.5
3896,119,3,713,1069.5
3897,119,4,412,164.8
3898,119,5,297,148.5
3899,119,31,1726,86.30000000000001
3900,119,28,1829,36.58
3901,119,6,113,22.6
3902,119,2,867,216.75
3903,119,7,284,113.60000000000001
3904,119,8,96,72.0
3905,119,10,288,216.0
3906,119,9,86,73.1
3907,119,11,103,10.3
3908,119,34,103,18.54
3909,119,12,95,114.0
3910,119,13,98,4.9
3911,119,29,225,22.5
3912,119,30,328,16.400000000000002
3913,119,14,127,10.16
3914,119,15,478,119.5
3915,119,16,114,91.2
3916,119,17,196,215.60000000000002
3917,119,19,210,52.5
3918,119,20,210,157.5
3919,119,21,92,9.200000000000001
3920,119,22,92,4.6000000000000005
3921,119,23,419,314.25
3922,119,32,94,18.8
3923,119,24,103,25.75
3924,119,33,103,23.69
3925,119,25,105,157.5
3926,119,27,105,21.0
3927,119,26,105,21.0
